date,enso_mei,pdo_index,aao_index
1854-01-01,,0.11,
1854-02-01,,-0.24,
1854-03-01,,-0.4,
1854-04-01,,-0.44,
1854-05-01,,-0.54,
1854-06-01,,-0.3,
1854-07-01,,-0.1,
1854-08-01,,-1.24,
1854-09-01,,-1.0,
1854-10-01,,-2.23,
1854-11-01,,-1.68,
1854-12-01,,-1.76,
1855-01-01,,-0.2,
1855-02-01,,-0.39,
1855-03-01,,-0.24,
1855-04-01,,-0.58,
1855-05-01,,-1.34,
1855-06-01,,-1.88,
1855-07-01,,-1.13,
1855-08-01,,-0.48,
1855-09-01,,-0.76,
1855-10-01,,-0.63,
1855-11-01,,-0.41,
1855-12-01,,-0.88,
1856-01-01,,-0.39,
1856-02-01,,0.47,
1856-03-01,,0.42,
1856-04-01,,-0.96,
1856-05-01,,-1.26,
1856-06-01,,-2.15,
1856-07-01,,-0.69,
1856-08-01,,0.63,
1856-09-01,,0.58,
1856-10-01,,0.59,
1856-11-01,,0.23,
1856-12-01,,0.04,
1857-01-01,,-0.52,
1857-02-01,,-1.67,
1857-03-01,,-1.05,
1857-04-01,,-0.81,
1857-05-01,,-0.65,
1857-06-01,,1.03,
1857-07-01,,1.17,
1857-08-01,,0.81,
1857-09-01,,0.84,
1857-10-01,,0.7,
1857-11-01,,0.38,
1857-12-01,,-0.55,
1858-01-01,,-0.96,
1858-02-01,,-1.53,
1858-03-01,,-1.76,
1858-04-01,,-0.82,
1858-05-01,,0.49,
1858-06-01,,2.19,
1858-07-01,,1.05,
1858-08-01,,0.67,
1858-09-01,,1.38,
1858-10-01,,2.35,
1858-11-01,,0.46,
1858-12-01,,-1.16,
1859-01-01,,-1.22,
1859-02-01,,-1.71,
1859-03-01,,-2.46,
1859-04-01,,-3.65,
1859-05-01,,-2.86,
1859-06-01,,-1.99,
1859-07-01,,-1.01,
1859-08-01,,-1.26,
1859-09-01,,-1.19,
1859-10-01,,-1.31,
1859-11-01,,-1.14,
1859-12-01,,-1.12,
1860-01-01,,-1.31,
1860-02-01,,-1.28,
1860-03-01,,-1.34,
1860-04-01,,-0.77,
1860-05-01,,-0.85,
1860-06-01,,-1.26,
1860-07-01,,-0.27,
1860-08-01,,-0.4,
1860-09-01,,0.33,
1860-10-01,,-1.7,
1860-11-01,,-1.18,
1860-12-01,,-1.42,
1861-01-01,,-0.57,
1861-02-01,,-0.84,
1861-03-01,,-0.86,
1861-04-01,,-0.83,
1861-05-01,,-0.37,
1861-06-01,,-0.35,
1861-07-01,,-0.61,
1861-08-01,,-0.8,
1861-09-01,,-1.2,
1861-10-01,,-1.58,
1861-11-01,,-1.8,
1861-12-01,,-1.65,
1862-01-01,,-0.41,
1862-02-01,,-0.13,
1862-03-01,,0.16,
1862-04-01,,0.07,
1862-05-01,,0.09,
1862-06-01,,-0.08,
1862-07-01,,-0.12,
1862-08-01,,-0.2,
1862-09-01,,-0.98,
1862-10-01,,-0.8,
1862-11-01,,-0.39,
1862-12-01,,0.07,
1863-01-01,,-0.06,
1863-02-01,,-0.34,
1863-03-01,,-0.37,
1863-04-01,,-0.18,
1863-05-01,,0.03,
1863-06-01,,-0.03,
1863-07-01,,0.07,
1863-08-01,,-0.26,
1863-09-01,,0.05,
1863-10-01,,0.07,
1863-11-01,,0.11,
1863-12-01,,-0.23,
1864-01-01,,-0.19,
1864-02-01,,-0.09,
1864-03-01,,-1.04,
1864-04-01,,-1.0,
1864-05-01,,-0.78,
1864-06-01,,-0.66,
1864-07-01,,-0.19,
1864-08-01,,-0.48,
1864-09-01,,-0.21,
1864-10-01,,0.23,
1864-11-01,,0.53,
1864-12-01,,0.5,
1865-01-01,,-0.28,
1865-02-01,,-0.54,
1865-03-01,,-0.48,
1865-04-01,,-0.16,
1865-05-01,,-0.15,
1865-06-01,,-0.66,
1865-07-01,,-0.96,
1865-08-01,,-0.69,
1865-09-01,,-0.73,
1865-10-01,,-0.61,
1865-11-01,,-0.62,
1865-12-01,,-0.76,
1866-01-01,,-2.31,
1866-02-01,,-2.27,
1866-03-01,,-2.22,
1866-04-01,,-1.16,
1866-05-01,,-0.68,
1866-06-01,,-0.84,
1866-07-01,,-0.55,
1866-08-01,,-0.4,
1866-09-01,,-0.35,
1866-10-01,,-0.17,
1866-11-01,,-0.07,
1866-12-01,,-0.29,
1867-01-01,,-0.14,
1867-02-01,,-0.29,
1867-03-01,,-0.48,
1867-04-01,,-0.43,
1867-05-01,,-0.34,
1867-06-01,,-0.14,
1867-07-01,,0.16,
1867-08-01,,-0.34,
1867-09-01,,-0.29,
1867-10-01,,-0.89,
1867-11-01,,-0.28,
1867-12-01,,0.76,
1868-01-01,,0.98,
1868-02-01,,0.26,
1868-03-01,,0.03,
1868-04-01,,-0.39,
1868-05-01,,-0.43,
1868-06-01,,-0.22,
1868-07-01,,0.11,
1868-08-01,,-0.02,
1868-09-01,,0.09,
1868-10-01,,-0.2,
1868-11-01,,-0.63,
1868-12-01,,-0.81,
1869-01-01,,-0.84,
1869-02-01,,-0.16,
1869-03-01,,0.33,
1869-04-01,,1.23,
1869-05-01,,3.56,
1869-06-01,,3.84,
1869-07-01,,3.78,
1869-08-01,,1.2,
1869-09-01,,-0.12,
1869-10-01,,-0.4,
1869-11-01,,-0.63,
1869-12-01,,-0.46,
1870-01-01,,0.23,
1870-02-01,,-0.19,
1870-03-01,,0.03,
1870-04-01,,-0.3,
1870-05-01,,-0.14,
1870-06-01,,-0.37,
1870-07-01,,-0.13,
1870-08-01,,0.05,
1870-09-01,,-0.49,
1870-10-01,,-0.7,
1870-11-01,,-0.88,
1870-12-01,,-0.94,
1871-01-01,,-0.44,
1871-02-01,,0.0,
1871-03-01,,-0.18,
1871-04-01,,-0.51,
1871-05-01,,-0.93,
1871-06-01,,-0.36,
1871-07-01,,-0.38,
1871-08-01,,-0.09,
1871-09-01,,-0.58,
1871-10-01,,-0.8,
1871-11-01,,-0.9,
1871-12-01,,-0.29,
1872-01-01,,-0.39,
1872-02-01,,-0.55,
1872-03-01,,-0.2,
1872-04-01,,-0.49,
1872-05-01,,-0.03,
1872-06-01,,-0.82,
1872-07-01,,-0.95,
1872-08-01,,-1.02,
1872-09-01,,-0.51,
1872-10-01,,-0.11,
1872-11-01,,-1.74,
1872-12-01,,-2.1,
1873-01-01,,-2.06,
1873-02-01,,-2.11,
1873-03-01,,-1.67,
1873-04-01,,-0.69,
1873-05-01,,-0.49,
1873-06-01,,-0.8,
1873-07-01,,-1.14,
1873-08-01,,-1.05,
1873-09-01,,-0.87,
1873-10-01,,-0.7,
1873-11-01,,-1.06,
1873-12-01,,-0.86,
1874-01-01,,-0.74,
1874-02-01,,-1.18,
1874-03-01,,-0.24,
1874-04-01,,0.16,
1874-05-01,,0.01,
1874-06-01,,-0.26,
1874-07-01,,-0.21,
1874-08-01,,0.31,
1874-09-01,,0.15,
1874-10-01,,-0.04,
1874-11-01,,-0.0,
1874-12-01,,-1.13,
1875-01-01,,-1.42,
1875-02-01,,-1.53,
1875-03-01,,-1.18,
1875-04-01,,-1.24,
1875-05-01,,-0.65,
1875-06-01,,-0.79,
1875-07-01,,-0.64,
1875-08-01,,-0.8,
1875-09-01,,-0.64,
1875-10-01,,-1.19,
1875-11-01,,-0.9,
1875-12-01,,0.11,
1876-01-01,,-0.96,
1876-02-01,,-0.74,
1876-03-01,,-0.91,
1876-04-01,,-1.53,
1876-05-01,,-1.57,
1876-06-01,,-0.82,
1876-07-01,,-2.21,
1876-08-01,,-2.16,
1876-09-01,,-1.48,
1876-10-01,,-0.4,
1876-11-01,,-0.04,
1876-12-01,,-0.24,
1877-01-01,,-0.13,
1877-02-01,,-0.08,
1877-03-01,,-0.08,
1877-04-01,,-0.68,
1877-05-01,,-0.82,
1877-06-01,,-1.18,
1877-07-01,,-0.37,
1877-08-01,,-0.62,
1877-09-01,,-0.24,
1877-10-01,,0.02,
1877-11-01,,0.46,
1877-12-01,,0.07,
1878-01-01,,0.18,
1878-02-01,,0.85,
1878-03-01,,0.96,
1878-04-01,,1.49,
1878-05-01,,1.48,
1878-06-01,,0.9,
1878-07-01,,0.46,
1878-08-01,,-0.63,
1878-09-01,,-1.97,
1878-10-01,,-1.68,
1878-11-01,,-0.51,
1878-12-01,,1.31,
1879-01-01,,0.2,
1879-02-01,,0.13,
1879-03-01,,0.23,
1879-04-01,,0.61,
1879-05-01,,-0.56,
1879-06-01,,-0.91,
1879-07-01,,-1.6,
1879-08-01,,-0.62,
1879-09-01,,-0.52,
1879-10-01,,-0.75,
1879-11-01,,-0.64,
1879-12-01,,-0.2,
1880-01-01,,0.44,
1880-02-01,,-0.45,
1880-03-01,,-1.51,
1880-04-01,,-2.42,
1880-05-01,,-2.97,
1880-06-01,,-3.15,
1880-07-01,,-2.27,
1880-08-01,,-1.79,
1880-09-01,,-1.77,
1880-10-01,,0.02,
1880-11-01,,-0.4,
1880-12-01,,-0.06,
1881-01-01,,-0.48,
1881-02-01,,-0.15,
1881-03-01,,-0.02,
1881-04-01,,0.17,
1881-05-01,,0.5,
1881-06-01,,0.24,
1881-07-01,,-1.3,
1881-08-01,,-2.31,
1881-09-01,,0.16,
1881-10-01,,0.34,
1881-11-01,,0.2,
1881-12-01,,-0.55,
1882-01-01,,-2.06,
1882-02-01,,-1.92,
1882-03-01,,-1.79,
1882-04-01,,-1.6,
1882-05-01,,-1.51,
1882-06-01,,-1.71,
1882-07-01,,-3.18,
1882-08-01,,-1.1,
1882-09-01,,-0.81,
1882-10-01,,-1.07,
1882-11-01,,-0.34,
1882-12-01,,0.66,
1883-01-01,,-0.97,
1883-02-01,,-1.32,
1883-03-01,,-1.4,
1883-04-01,,-0.32,
1883-05-01,,-0.67,
1883-06-01,,-1.25,
1883-07-01,,-2.82,
1883-08-01,,-2.36,
1883-09-01,,-1.75,
1883-10-01,,-1.47,
1883-11-01,,-1.07,
1883-12-01,,-1.67,
1884-01-01,,-1.77,
1884-02-01,,-1.95,
1884-03-01,,-1.42,
1884-04-01,,-0.53,
1884-05-01,,0.41,
1884-06-01,,0.84,
1884-07-01,,1.1,
1884-08-01,,1.0,
1884-09-01,,0.74,
1884-10-01,,1.08,
1884-11-01,,2.16,
1884-12-01,,2.35,
1885-01-01,,2.57,
1885-02-01,,1.02,
1885-03-01,,1.72,
1885-04-01,,1.47,
1885-05-01,,0.7,
1885-06-01,,-0.41,
1885-07-01,,-0.68,
1885-08-01,,-0.06,
1885-09-01,,-0.15,
1885-10-01,,-0.05,
1885-11-01,,-0.32,
1885-12-01,,-0.34,
1886-01-01,,-0.52,
1886-02-01,,0.62,
1886-03-01,,-0.48,
1886-04-01,,0.35,
1886-05-01,,-0.2,
1886-06-01,,-1.17,
1886-07-01,,-0.3,
1886-08-01,,-0.39,
1886-09-01,,-0.44,
1886-10-01,,-1.3,
1886-11-01,,-2.63,
1886-12-01,,-1.79,
1887-01-01,,-0.93,
1887-02-01,,-1.41,
1887-03-01,,-2.04,
1887-04-01,,-1.49,
1887-05-01,,-0.33,
1887-06-01,,0.69,
1887-07-01,,1.54,
1887-08-01,,-0.87,
1887-09-01,,-1.96,
1887-10-01,,-1.33,
1887-11-01,,-0.97,
1887-12-01,,-1.07,
1888-01-01,,-0.98,
1888-02-01,,-0.11,
1888-03-01,,0.1,
1888-04-01,,0.02,
1888-05-01,,1.48,
1888-06-01,,1.68,
1888-07-01,,1.78,
1888-08-01,,1.13,
1888-09-01,,1.04,
1888-10-01,,0.6,
1888-11-01,,0.76,
1888-12-01,,0.47,
1889-01-01,,0.44,
1889-02-01,,-0.01,
1889-03-01,,0.14,
1889-04-01,,0.88,
1889-05-01,,1.16,
1889-06-01,,1.12,
1889-07-01,,0.13,
1889-08-01,,-1.02,
1889-09-01,,-1.27,
1889-10-01,,-0.42,
1889-11-01,,1.34,
1889-12-01,,-0.16,
1890-01-01,,-0.66,
1890-02-01,,-1.09,
1890-03-01,,-1.49,
1890-04-01,,-1.1,
1890-05-01,,-1.34,
1890-06-01,,-3.41,
1890-07-01,,-1.4,
1890-08-01,,-0.99,
1890-09-01,,0.83,
1890-10-01,,-0.45,
1890-11-01,,-1.04,
1890-12-01,,-1.31,
1891-01-01,,-0.52,
1891-02-01,,-0.8,
1891-03-01,,-1.02,
1891-04-01,,-0.48,
1891-05-01,,0.87,
1891-06-01,,1.01,
1891-07-01,,1.13,
1891-08-01,,0.64,
1891-09-01,,0.3,
1891-10-01,,0.89,
1891-11-01,,0.03,
1891-12-01,,-0.18,
1892-01-01,,-1.15,
1892-02-01,,-1.42,
1892-03-01,,-0.96,
1892-04-01,,-1.32,
1892-05-01,,-2.76,
1892-06-01,,-1.94,
1892-07-01,,-1.65,
1892-08-01,,-2.85,
1892-09-01,,-2.46,
1892-10-01,,-2.82,
1892-11-01,,-2.36,
1892-12-01,,-1.13,
1893-01-01,,-0.51,
1893-02-01,,-0.67,
1893-03-01,,-0.93,
1893-04-01,,-1.6,
1893-05-01,,-2.45,
1893-06-01,,-2.13,
1893-07-01,,-2.14,
1893-08-01,,-0.41,
1893-09-01,,0.06,
1893-10-01,,-0.54,
1893-11-01,,-0.71,
1893-12-01,,-1.49,
1894-01-01,,-1.42,
1894-02-01,,-2.17,
1894-03-01,,-3.2,
1894-04-01,,-3.15,
1894-05-01,,-3.35,
1894-06-01,,-2.75,
1894-07-01,,-2.98,
1894-08-01,,-1.91,
1894-09-01,,-2.02,
1894-10-01,,-2.56,
1894-11-01,,-2.77,
1894-12-01,,-1.17,
1895-01-01,,-0.86,
1895-02-01,,-0.64,
1895-03-01,,-0.65,
1895-04-01,,-1.13,
1895-05-01,,-0.48,
1895-06-01,,-0.74,
1895-07-01,,0.43,
1895-08-01,,-0.16,
1895-09-01,,-1.34,
1895-10-01,,-0.84,
1895-11-01,,-1.23,
1895-12-01,,-0.27,
1896-01-01,,0.32,
1896-02-01,,0.2,
1896-03-01,,-0.17,
1896-04-01,,-0.91,
1896-05-01,,-1.32,
1896-06-01,,-0.68,
1896-07-01,,-0.32,
1896-08-01,,-0.18,
1896-09-01,,0.99,
1896-10-01,,0.26,
1896-11-01,,0.29,
1896-12-01,,0.21,
1897-01-01,,0.38,
1897-02-01,,-0.29,
1897-03-01,,-0.62,
1897-04-01,,-0.06,
1897-05-01,,0.67,
1897-06-01,,0.8,
1897-07-01,,0.57,
1897-08-01,,-0.0,
1897-09-01,,-0.7,
1897-10-01,,0.31,
1897-11-01,,0.58,
1897-12-01,,0.05,
1898-01-01,,-0.08,
1898-02-01,,-0.27,
1898-03-01,,-0.42,
1898-04-01,,0.21,
1898-05-01,,-0.39,
1898-06-01,,0.29,
1898-07-01,,-0.36,
1898-08-01,,0.43,
1898-09-01,,0.29,
1898-10-01,,0.27,
1898-11-01,,0.55,
1898-12-01,,0.6,
1899-01-01,,0.08,
1899-02-01,,-1.27,
1899-03-01,,-0.75,
1899-04-01,,-0.51,
1899-05-01,,-1.07,
1899-06-01,,-1.48,
1899-07-01,,-0.14,
1899-08-01,,0.32,
1899-09-01,,0.35,
1899-10-01,,-0.37,
1899-11-01,,0.3,
1899-12-01,,0.32,
1900-01-01,,0.81,
1900-02-01,,0.2,
1900-03-01,,0.61,
1900-04-01,,1.85,
1900-05-01,,1.49,
1900-06-01,,1.23,
1900-07-01,,1.07,
1900-08-01,,1.15,
1900-09-01,,-0.4,
1900-10-01,,0.08,
1900-11-01,,0.57,
1900-12-01,,1.02,
1901-01-01,,1.13,
1901-02-01,,0.65,
1901-03-01,,-0.33,
1901-04-01,,-0.45,
1901-05-01,,-0.99,
1901-06-01,,-0.84,
1901-07-01,,-1.33,
1901-08-01,,-0.73,
1901-09-01,,-0.07,
1901-10-01,,0.25,
1901-11-01,,-0.08,
1901-12-01,,0.56,
1902-01-01,,1.37,
1902-02-01,,0.53,
1902-03-01,,0.4,
1902-04-01,,0.64,
1902-05-01,,1.36,
1902-06-01,,2.33,
1902-07-01,,3.04,
1902-08-01,,1.81,
1902-09-01,,0.89,
1902-10-01,,1.11,
1902-11-01,,0.74,
1902-12-01,,0.44,
1903-01-01,,-0.04,
1903-02-01,,0.1,
1903-03-01,,-0.19,
1903-04-01,,-1.08,
1903-05-01,,-0.37,
1903-06-01,,0.04,
1903-07-01,,1.49,
1903-08-01,,1.35,
1903-09-01,,0.54,
1903-10-01,,0.72,
1903-11-01,,0.22,
1903-12-01,,0.6,
1904-01-01,,1.41,
1904-02-01,,0.54,
1904-03-01,,0.72,
1904-04-01,,0.07,
1904-05-01,,0.47,
1904-06-01,,-0.07,
1904-07-01,,0.05,
1904-08-01,,1.64,
1904-09-01,,2.24,
1904-10-01,,1.8,
1904-11-01,,1.93,
1904-12-01,,3.12,
1905-01-01,,2.75,
1905-02-01,,1.71,
1905-03-01,,1.04,
1905-04-01,,2.05,
1905-05-01,,1.31,
1905-06-01,,1.56,
1905-07-01,,2.31,
1905-08-01,,2.41,
1905-09-01,,2.1,
1905-10-01,,-0.41,
1905-11-01,,0.74,
1905-12-01,,-0.98,
1906-01-01,,1.36,
1906-02-01,,1.26,
1906-03-01,,0.5,
1906-04-01,,0.43,
1906-05-01,,1.45,
1906-06-01,,0.93,
1906-07-01,,1.35,
1906-08-01,,0.94,
1906-09-01,,0.11,
1906-10-01,,0.94,
1906-11-01,,0.89,
1906-12-01,,-0.43,
1907-01-01,,-0.68,
1907-02-01,,-0.36,
1907-03-01,,-1.88,
1907-04-01,,-1.58,
1907-05-01,,0.23,
1907-06-01,,0.96,
1907-07-01,,0.59,
1907-08-01,,-0.31,
1907-09-01,,0.78,
1907-10-01,,1.84,
1907-11-01,,1.77,
1907-12-01,,1.94,
1908-01-01,,1.72,
1908-02-01,,1.67,
1908-03-01,,0.51,
1908-04-01,,-0.08,
1908-05-01,,0.16,
1908-06-01,,0.21,
1908-07-01,,0.42,
1908-08-01,,-0.72,
1908-09-01,,0.71,
1908-10-01,,0.94,
1908-11-01,,1.88,
1908-12-01,,1.34,
1909-01-01,,0.69,
1909-02-01,,0.86,
1909-03-01,,0.93,
1909-04-01,,0.28,
1909-05-01,,-0.17,
1909-06-01,,-0.65,
1909-07-01,,-1.39,
1909-08-01,,-2.3,
1909-09-01,,-1.97,
1909-10-01,,-1.25,
1909-11-01,,-1.36,
1909-12-01,,-2.21,
1910-01-01,,-1.71,
1910-02-01,,-1.23,
1910-03-01,,-0.9,
1910-04-01,,-1.97,
1910-05-01,,-2.33,
1910-06-01,,-0.35,
1910-07-01,,-0.08,
1910-08-01,,-0.73,
1910-09-01,,0.73,
1910-10-01,,-0.96,
1910-11-01,,-0.59,
1910-12-01,,0.39,
1911-01-01,,-0.3,
1911-02-01,,-1.21,
1911-03-01,,-1.26,
1911-04-01,,-0.56,
1911-05-01,,-0.71,
1911-06-01,,-1.51,
1911-07-01,,-0.38,
1911-08-01,,0.08,
1911-09-01,,-0.26,
1911-10-01,,-0.12,
1911-11-01,,-0.38,
1911-12-01,,-0.97,
1912-01-01,,-0.21,
1912-02-01,,-0.02,
1912-03-01,,-0.44,
1912-04-01,,-0.51,
1912-05-01,,-0.04,
1912-06-01,,0.45,
1912-07-01,,0.26,
1912-08-01,,0.34,
1912-09-01,,1.23,
1912-10-01,,0.82,
1912-11-01,,0.05,
1912-12-01,,0.06,
1913-01-01,,-0.25,
1913-02-01,,0.11,
1913-03-01,,-0.23,
1913-04-01,,-0.85,
1913-05-01,,0.1,
1913-06-01,,0.32,
1913-07-01,,0.9,
1913-08-01,,1.12,
1913-09-01,,0.76,
1913-10-01,,0.4,
1913-11-01,,0.44,
1913-12-01,,0.11,
1914-01-01,,-0.28,
1914-02-01,,-0.3,
1914-03-01,,0.04,
1914-04-01,,0.82,
1914-05-01,,0.47,
1914-06-01,,-0.83,
1914-07-01,,-1.01,
1914-08-01,,-0.97,
1914-09-01,,-1.17,
1914-10-01,,-0.74,
1914-11-01,,-0.35,
1914-12-01,,-0.07,
1915-01-01,,-0.42,
1915-02-01,,-0.53,
1915-03-01,,0.35,
1915-04-01,,1.26,
1915-05-01,,1.54,
1915-06-01,,1.53,
1915-07-01,,1.24,
1915-08-01,,0.5,
1915-09-01,,-0.08,
1915-10-01,,-1.51,
1915-11-01,,-1.45,
1915-12-01,,-0.82,
1916-01-01,,-1.56,
1916-02-01,,-1.55,
1916-03-01,,-1.3,
1916-04-01,,-0.59,
1916-05-01,,-0.49,
1916-06-01,,-1.69,
1916-07-01,,-1.68,
1916-08-01,,-2.24,
1916-09-01,,-2.05,
1916-10-01,,-1.82,
1916-11-01,,-2.48,
1916-12-01,,-2.44,
1917-01-01,,-1.71,
1917-02-01,,-1.73,
1917-03-01,,-1.94,
1917-04-01,,-1.78,
1917-05-01,,-1.19,
1917-06-01,,-1.06,
1917-07-01,,-0.9,
1917-08-01,,-0.75,
1917-09-01,,-1.15,
1917-10-01,,-1.42,
1917-11-01,,-0.74,
1917-12-01,,-0.52,
1918-01-01,,0.42,
1918-02-01,,-0.13,
1918-03-01,,-0.94,
1918-04-01,,-0.85,
1918-05-01,,-1.07,
1918-06-01,,-0.57,
1918-07-01,,-0.0,
1918-08-01,,0.22,
1918-09-01,,0.41,
1918-10-01,,1.31,
1918-11-01,,1.33,
1918-12-01,,0.55,
1919-01-01,,0.47,
1919-02-01,,-0.05,
1919-03-01,,-0.64,
1919-04-01,,-0.63,
1919-05-01,,-1.05,
1919-06-01,,-1.53,
1919-07-01,,-1.87,
1919-08-01,,-0.92,
1919-09-01,,-0.31,
1919-10-01,,-0.6,
1919-11-01,,-0.77,
1919-12-01,,-0.39,
1920-01-01,,-1.08,
1920-02-01,,-0.77,
1920-03-01,,-0.9,
1920-04-01,,-1.33,
1920-05-01,,-1.24,
1920-06-01,,-1.28,
1920-07-01,,-1.59,
1920-08-01,,-2.26,
1920-09-01,,-2.19,
1920-10-01,,-1.79,
1920-11-01,,-0.8,
1920-12-01,,-0.69,
1921-01-01,,-1.09,
1921-02-01,,-1.55,
1921-03-01,,-0.85,
1921-04-01,,-1.63,
1921-05-01,,-1.5,
1921-06-01,,-1.05,
1921-07-01,,-1.58,
1921-08-01,,-2.01,
1921-09-01,,-1.5,
1921-10-01,,-1.58,
1921-11-01,,-0.81,
1921-12-01,,0.0,
1922-01-01,,0.07,
1922-02-01,,-1.26,
1922-03-01,,-1.63,
1922-04-01,,-1.81,
1922-05-01,,-1.89,
1922-06-01,,-1.27,
1922-07-01,,-0.74,
1922-08-01,,-0.56,
1922-09-01,,-0.49,
1922-10-01,,-0.27,
1922-11-01,,-0.74,
1922-12-01,,0.46,
1923-01-01,,0.24,
1923-02-01,,-0.75,
1923-03-01,,-1.01,
1923-04-01,,-0.51,
1923-05-01,,0.18,
1923-06-01,,-0.98,
1923-07-01,,0.6,
1923-08-01,,0.21,
1923-09-01,,-0.25,
1923-10-01,,0.26,
1923-11-01,,-0.26,
1923-12-01,,-0.22,
1924-01-01,,-0.7,
1924-02-01,,-0.67,
1924-03-01,,-0.47,
1924-04-01,,-1.23,
1924-05-01,,-0.53,
1924-06-01,,-0.39,
1924-07-01,,-1.01,
1924-08-01,,-1.41,
1924-09-01,,-1.73,
1924-10-01,,-2.13,
1924-11-01,,-1.4,
1924-12-01,,-0.27,
1925-01-01,,-0.93,
1925-02-01,,-0.62,
1925-03-01,,-0.65,
1925-04-01,,-1.14,
1925-05-01,,-0.51,
1925-06-01,,-1.03,
1925-07-01,,-0.69,
1925-08-01,,-0.72,
1925-09-01,,0.09,
1925-10-01,,0.26,
1925-11-01,,0.94,
1925-12-01,,0.72,
1926-01-01,,1.12,
1926-02-01,,1.26,
1926-03-01,,1.23,
1926-04-01,,1.81,
1926-05-01,,2.29,
1926-06-01,,1.63,
1926-07-01,,2.14,
1926-08-01,,1.7,
1926-09-01,,1.62,
1926-10-01,,1.79,
1926-11-01,,2.55,
1926-12-01,,2.11,
1927-01-01,,0.91,
1927-02-01,,1.33,
1927-03-01,,0.89,
1927-04-01,,-0.03,
1927-05-01,,-0.12,
1927-06-01,,0.56,
1927-07-01,,-0.28,
1927-08-01,,-0.76,
1927-09-01,,0.03,
1927-10-01,,-0.63,
1927-11-01,,-0.24,
1927-12-01,,-0.08,
1928-01-01,,0.45,
1928-02-01,,0.75,
1928-03-01,,0.88,
1928-04-01,,0.42,
1928-05-01,,0.48,
1928-06-01,,0.96,
1928-07-01,,-0.68,
1928-08-01,,-0.86,
1928-09-01,,-1.79,
1928-10-01,,-1.05,
1928-11-01,,0.09,
1928-12-01,,0.6,
1929-01-01,,0.83,
1929-02-01,,0.24,
1929-03-01,,0.04,
1929-04-01,,0.23,
1929-05-01,,0.48,
1929-06-01,,0.6,
1929-07-01,,0.03,
1929-08-01,,-0.12,
1929-09-01,,1.01,
1929-10-01,,1.02,
1929-11-01,,0.64,
1929-12-01,,1.55,
1930-01-01,,1.29,
1930-02-01,,0.77,
1930-03-01,,0.3,
1930-04-01,,0.19,
1930-05-01,,0.1,
1930-06-01,,0.02,
1930-07-01,,-0.0,
1930-08-01,,-0.2,
1930-09-01,,0.33,
1930-10-01,,0.01,
1930-11-01,,-0.02,
1930-12-01,,0.84,
1931-01-01,,1.25,
1931-02-01,,1.18,
1931-03-01,,1.14,
1931-04-01,,1.61,
1931-05-01,,2.0,
1931-06-01,,1.76,
1931-07-01,,2.08,
1931-08-01,,0.74,
1931-09-01,,0.85,
1931-10-01,,0.09,
1931-11-01,,-0.21,
1931-12-01,,-0.84,
1932-01-01,,-1.22,
1932-02-01,,-1.63,
1932-03-01,,-0.65,
1932-04-01,,0.49,
1932-05-01,,-0.03,
1932-06-01,,-0.15,
1932-07-01,,-0.23,
1932-08-01,,-0.29,
1932-09-01,,-1.14,
1932-10-01,,-0.02,
1932-11-01,,-0.32,
1932-12-01,,0.16,
1933-01-01,,-0.7,
1933-02-01,,-1.08,
1933-03-01,,-1.05,
1933-04-01,,-0.84,
1933-05-01,,-1.83,
1933-06-01,,-2.36,
1933-07-01,,-3.32,
1933-08-01,,-2.92,
1933-09-01,,-2.97,
1933-10-01,,-1.83,
1933-11-01,,-0.49,
1933-12-01,,-0.66,
1934-01-01,,-0.41,
1934-02-01,,0.1,
1934-03-01,,0.88,
1934-04-01,,1.26,
1934-05-01,,0.79,
1934-06-01,,-0.27,
1934-07-01,,0.18,
1934-08-01,,1.23,
1934-09-01,,1.13,
1934-10-01,,1.91,
1934-11-01,,1.64,
1934-12-01,,1.51,
1935-01-01,,0.72,
1935-02-01,,0.11,
1935-03-01,,-0.26,
1935-04-01,,0.1,
1935-05-01,,0.73,
1935-06-01,,1.23,
1935-07-01,,0.62,
1935-08-01,,0.35,
1935-09-01,,0.42,
1935-10-01,,0.4,
1935-11-01,,0.23,
1935-12-01,,1.53,
1936-01-01,,2.17,
1936-02-01,,1.6,
1936-03-01,,1.19,
1936-04-01,,1.19,
1936-05-01,,1.64,
1936-06-01,,2.24,
1936-07-01,,2.79,
1936-08-01,,1.95,
1936-09-01,,0.98,
1936-10-01,,2.15,
1936-11-01,,2.83,
1936-12-01,,1.52,
1937-01-01,,0.06,
1937-02-01,,-0.45,
1937-03-01,,-0.28,
1937-04-01,,-0.69,
1937-05-01,,-0.39,
1937-06-01,,1.16,
1937-07-01,,-0.32,
1937-08-01,,-0.98,
1937-09-01,,0.01,
1937-10-01,,0.52,
1937-11-01,,0.97,
1937-12-01,,1.06,
1938-01-01,,1.53,
1938-02-01,,0.28,
1938-03-01,,-0.45,
1938-04-01,,-0.22,
1938-05-01,,-0.59,
1938-06-01,,-0.62,
1938-07-01,,-0.63,
1938-08-01,,-0.57,
1938-09-01,,-0.26,
1938-10-01,,0.78,
1938-11-01,,0.04,
1938-12-01,,1.14,
1939-01-01,,1.17,
1939-02-01,,-0.1,
1939-03-01,,-0.63,
1939-04-01,,0.03,
1939-05-01,,0.12,
1939-06-01,,-0.07,
1939-07-01,,-1.1,
1939-08-01,,-1.31,
1939-09-01,,-1.54,
1939-10-01,,-1.49,
1939-11-01,,-0.9,
1939-12-01,,1.44,
1940-01-01,0.0,1.82,0.25739992534469336
1940-02-01,0.14901424590336979,1.55,-0.9084814327806611
1940-03-01,0.09263353096167742,1.87,-0.37850310605882326
1940-04-01,0.27767673929571746,2.06,-0.5349155987755707
1940-05-01,0.7068180222885533,1.76,0.8580733460716252
1940-06-01,0.5658902076426972,2.07,-0.41300998231472696
1940-07-01,0.4390600997936732,1.82,0.49818858448728287
1940-08-01,0.8689179344665233,1.31,2.0101992475719856
1940-09-01,1.0122565597657436,1.09,1.2628615445176543
1940-10-01,0.7701885880086836,1.28,-0.43921485686763406
1940-11-01,0.8559377422836046,1.55,-0.34643789298865063
1940-12-01,0.6313186602115055,2.68,0.4553196595572467
1941-01-01,0.42846786811927795,2.67,-1.6686627070136322
1941-02-01,0.4582097627771604,2.86,-0.8620854950098128
1941-03-01,-0.16159528689789499,2.43,0.49291084812374153
1941-04-01,-0.6629111079620154,2.31,-0.12431339614548602
1941-05-01,-0.7653062559381056,2.07,1.9351362874003422
1941-06-01,-0.9926249664446223,2.83,-0.6184426549843884
1941-07-01,-0.7990882700215779,3.01,-1.0468389862150573
1941-08-01,-0.9915866656757835,3.22,-0.8896175886602026
1941-09-01,-1.3161191095087925,2.04,0.01404053719712835
1941-10-01,-0.744812567881447,1.14,-0.16082968616578383
1941-11-01,-0.7380642012392631,1.51,2.2303596488319384
1941-12-01,-0.6439993197089597,2.21,-0.39911571852552363
1942-01-01,-1.0070238436021008,2.48,0.05444456336457185
1942-02-01,-1.0696362765994456,1.96,0.8841818151951191
1942-03-01,-0.9293958720265413,1.11,-0.10798056134293389
1942-04-01,-1.1817543580505778,0.97,0.5556069842518202
1942-05-01,-0.9508695167418185,0.53,0.3949066359501769
1942-06-01,-1.0359741720432782,0.77,0.8372050226472976
1942-07-01,-1.0198848797769335,0.58,-1.4078781703965773
1942-08-01,-1.0984083754680594,0.6,0.8078494136349023
1942-09-01,-0.43288408256857214,0.37,-0.13828364464101
1942-10-01,-0.3936448417330951,0.23,0.18717858533399576
1942-11-01,-0.6715936362465558,-0.13,-0.38665813551339834
1942-12-01,-0.3576707989909435,-0.93,1.6590487297919927
1943-01-01,-0.6881568140831558,-1.62,-2.0470691310925226
1943-02-01,-0.5566820541734137,-0.7,1.3993169863061743
1943-03-01,-1.0889148859200048,0.32,-0.6790071212021919
1943-04-01,-1.3784792119975335,1.28,1.5289851345959593
1943-05-01,-1.181572920037043,0.58,1.2212159632534685
1943-06-01,-0.8418756540347158,-0.14,1.0149885167826984
1943-07-01,-0.706277604274253,-0.22,0.8281299823497013
1943-08-01,-0.6703443285633,-1.88,2.2662927082101914
1943-09-01,-0.6936410043837566,-1.61,-0.5949556701334289
1943-10-01,-1.0678335010556093,-1.48,-0.5812695375284159
1943-11-01,-1.1770034134684608,-0.18,-0.6558941461838667
1943-12-01,-1.197494703409551,1.98,0.9251488533568732
1944-01-01,-0.7606085652029213,1.58,-1.2991613442508536
1944-02-01,-0.5814622218120907,0.25,1.0111668672107617
1944-03-01,-1.0522280462397018,-0.53,-0.28844018276667344
1944-04-01,-0.8497800507972931,-0.87,-1.067713065355306
1944-05-01,-0.8803267298424587,-1.76,-1.0776008975563638
1944-06-01,-0.9953706569500005,-2.1,-0.7967737630194123
1944-07-01,-0.7123307046027402,-1.49,-1.4860425818603866
1944-08-01,-0.3317977773936808,-1.0,0.5141287656735564
1944-09-01,-0.0192339639194532,-1.94,0.8517908644430702
1944-10-01,-0.2690758244942994,-1.5,0.9586734372734298
1944-11-01,-0.33493195480023386,-0.81,-0.6264840491269837
1944-12-01,-0.20205972989914128,-0.48,0.3079310128755357
1945-01-01,0.11080978122748059,-0.09,0.005205684935553051
1945-02-01,-0.04402346824885445,-0.34,0.6915319076425244
1945-03-01,-0.09531881442311413,-0.06,0.4448621590773117
1945-04-01,-0.41768742518261115,-0.37,0.09027953249104458
1945-05-01,-0.7347806698885513,-0.38,-1.8583428993401105
1945-06-01,-0.41754485618143683,0.16,-0.16658004391883166
1945-07-01,0.031081638007953716,0.31,0.11087648013745463
1945-08-01,0.00637043773305819,-0.61,-0.6947726440109934
1945-09-01,0.3067932633273596,-0.57,-0.2691755659389808
1945-10-01,0.3846047445089139,-0.42,-1.2992251500107808
1945-11-01,0.15260834367648524,-1.34,-0.3211054471025893
1945-12-01,0.24576619096136088,-1.99,0.5058687421604646
1946-01-01,0.6826005418050155,-1.1,2.0890595712039643
1946-02-01,0.6035926758915285,0.67,-1.0127092548002778
1946-03-01,1.0126265050465775,0.73,-0.023974070269650767
1946-04-01,0.12544032331499644,0.67,-0.9614690500385404
1946-05-01,0.35946704229606397,-0.45,-0.09256618896659229
1946-06-01,0.3496344585379089,-0.63,-0.22373208113319423
1946-07-01,0.22496880754435777,-0.07,0.832892162099332
1946-08-01,0.2300001597505727,-0.17,0.9741195783904064
1946-09-01,-0.38927053060475236,-0.15,0.16281815769810043
1946-10-01,-0.41624504389553074,-1.23,-0.11449202010433539
1946-11-01,-0.26748676805245375,-1.82,1.1864684326166455
1946-12-01,0.20263012217524642,-1.66,0.17979165086317853
1947-01-01,0.02688604447562759,-0.15,1.5164416176334854
1947-02-01,-0.21835064083989142,0.22,-1.6340320196281182
1947-03-01,-0.34704268983126324,0.31,1.7819709009957654
1947-04-01,-0.03771778553751465,0.1,-0.6177277008871878
1947-05-01,0.06467932591414215,-0.36,-1.0863992928587567
1947-06-01,-0.1007166678073837,0.67,-0.044753328004711504
1947-07-01,0.06333522890736148,0.78,-1.1637024197482566
1947-08-01,0.08612497082103746,0.61,0.5689394950042188
1947-09-01,0.3681059708988005,0.4,-0.46264385554042636
1947-10-01,0.12067944564571473,1.39,0.28735510483252746
1947-11-01,0.010312857101812803,0.61,-0.9773387108382874
1947-12-01,-0.10835087454801576,0.43,-0.2224362584359336
1948-01-01,-0.5365702715328498,0.27,0.09693176788019556
1948-02-01,-0.394077161260192,-0.32,-0.18838434888047959
1948-03-01,-0.27635286348020605,-1.11,1.5916021583729445
1948-04-01,-0.24718354013944718,-1.13,0.5858108272747818
1948-05-01,-0.29284132613804653,-1.78,0.20367539201504153
1948-06-01,-0.6881684161393662,0.01,-1.8565207003985744
1948-07-01,-0.7455451713550373,-0.1,0.3781894561704642
1948-08-01,-0.7738050091775643,-1.07,1.2361403151716697
1948-09-01,-0.9371076890262936,-1.07,-0.6899718035350298
1948-10-01,-0.891782633623467,-1.74,-0.19835469221174665
1948-11-01,-0.6813891132167588,-0.92,-3.0257398729225997
1948-12-01,-0.04739443153192391,-1.85,-1.2456262234117363
1949-01-01,0.009718355470820172,-2.82,-2.0840394715133215
1949-02-01,0.08601163714056746,-3.17,0.10412164629262519
1949-03-01,0.055076698696660556,-1.82,-0.15023349407133077
1949-04-01,-0.5260623357627179,-1.54,-0.10581650311071217
1949-05-01,-0.4814102648212112,-1.37,-0.43695413897586405
1949-06-01,-0.41520017535678216,-1.21,1.019136316265232
1949-07-01,0.3652924759244819,-1.48,-1.2328032263309723
1949-08-01,0.27105493889769694,-1.61,-0.07412453829944396
1949-09-01,0.33441364770801096,-1.6,0.5963891827515404
1949-10-01,0.2905587520256369,-2.29,-0.17939256213126978
1949-11-01,-0.08910053446278637,-1.08,-0.09079506777435305
1949-12-01,0.2626563633379984,-0.93,-0.8250796289156435
1950-01-01,0.4619706368102308,-1.61,-0.3349694610956846
1950-02-01,0.6530831572421218,-2.17,0.7183508075095323
1950-03-01,0.31495860507948803,-1.89,-2.01946218467866
1950-04-01,0.704301037852369,-1.99,-0.15802904903114046
1950-05-01,0.21331561522944786,-3.19,-0.5842151280721943
1950-06-01,0.3680411818465842,-2.52,-0.0703064977144652
1950-07-01,0.9883737514049193,-3.65,1.7731812300260754
1950-08-01,0.5923754787252209,-2.98,-0.446629292587388
1950-09-01,0.3632486119718672,-2.4,1.4893745786091637
1950-10-01,0.3568191603009729,-1.92,1.100308721372732
1950-11-01,0.17009454803601584,-1.45,0.029896317954142267
1950-12-01,-0.31211393608742555,-1.06,0.08710581091662675
1951-01-01,-0.2603336500368748,-1.19,0.18123494219161268
1951-02-01,-0.5529913991510188,-1.52,-0.8251717971872267
1951-03-01,-0.3556145300453625,-1.72,0.6268387669020417
1951-04-01,-0.5958803473109672,-1.35,-0.6126978470983908
1951-05-01,-0.07131199107460862,-1.29,0.03574233551706946
1951-06-01,-0.29915677966801885,-1.77,-2.1959626114931305
1951-07-01,-0.36585955656291963,-0.23,-0.8632826893283874
1951-08-01,-0.08521843569572674,-1.76,0.5350993630394176
1951-09-01,-0.4459558870563406,-0.78,-1.123463295211308
1951-10-01,-0.3331223179694677,-0.09,0.33396509272135233
1951-11-01,0.09233274011220749,-0.31,-0.5072304552140171
1951-12-01,-0.3991455042673815,-1.45,0.9901501711281284
1952-01-01,-0.30384079628095206,-2.19,1.2579439688721659
1952-02-01,-0.19549187837832982,-1.35,0.17762491871456892
1952-03-01,0.05860417099269624,-1.67,-0.014867416457224348
1952-04-01,-0.31834145936999797,-1.92,0.04043611432709912
1952-05-01,-0.6826442973582811,-2.07,-0.021444769643944036
1952-06-01,-0.4577973979373837,-2.13,1.1916565829964165
1952-07-01,-0.3229222561736896,-2.05,2.504864685302447
1952-08-01,-0.21548217545255768,-1.58,-1.333461126774949
1952-09-01,-0.08999949505820921,-1.36,-1.0282726536874438
1952-10-01,-0.2850069620259355,-0.91,1.3631696640866262
1952-11-01,-0.18683015667504088,-0.53,-1.1422745934927458
1952-12-01,-0.08022539901793244,-0.83,-1.3720254649124914
1953-01-01,-0.28650828452404953,-0.16,2.1153714355164954
1953-02-01,0.3018748972717824,-0.46,-0.2742748855050585
1953-03-01,0.41383728381814044,-1.27,-0.2501454233412255
1953-04-01,0.01506250627553185,-0.9,-0.5088303999322228
1953-05-01,0.21052233823812758,-0.55,0.5813407294084169
1953-06-01,-0.1029343966538816,-0.2,-1.1331000806110525
1953-07-01,0.14348442413424217,0.06,1.7743892245873165
1953-08-01,0.4767146554230392,-0.92,0.7530463240026412
1953-09-01,0.18283849437522218,-1.11,-0.05180023176790085
1953-10-01,0.45356748371099653,-1.48,-0.5517055994610867
1953-11-01,0.5320450134208463,-0.51,0.10825694005967285
1953-12-01,0.7254585600771087,-0.18,1.0439696514243961
1954-01-01,1.221950598865582,-1.13,2.6174426286362076
1954-02-01,1.0261391041781627,-0.95,1.508768374358993
1954-03-01,0.6974043444530996,-1.15,1.012902487072667
1954-04-01,0.36080958112013267,-1.25,0.043045740547390625
1954-05-01,0.07998553751848791,-0.76,1.2325046106386215
1954-06-01,0.04885647094240787,0.49,-0.346410840938198
1954-07-01,0.14631641629316025,-0.08,0.3318833834396524
1954-08-01,0.21469201446284997,-0.32,1.1706959283854066
1954-09-01,0.44137778772737213,-1.05,0.6067736917185195
1954-10-01,0.401140576518007,0.02,-0.6646929927649822
1954-11-01,0.7970867420134014,0.85,-1.5327738736010819
1954-12-01,0.6379810178406744,0.49,0.5014966096525523
1955-01-01,1.3902336660334926,-0.23,0.13463643962491514
1955-02-01,1.4389105037596455,-1.01,0.9299897685604038
1955-03-01,1.037872186458796,-1.24,0.057889461763187
1955-04-01,0.6128172183945828,-2.21,-0.3795836335326038
1955-05-01,0.6962772211280801,-1.89,1.0539531037975378
1955-06-01,0.5596106634175169,-2.18,0.9963133530846225
1955-07-01,0.7178497453033927,-2.75,-2.109193418036767
1955-08-01,0.7880360581451169,-2.66,-1.5191156048412524
1955-09-01,0.6873837785335435,-2.48,0.12983462557747558
1955-10-01,0.3646072852596677,-3.35,-0.0652378677591805
1955-11-01,-0.12630761067205848,-2.63,-0.18698504980963984
1955-12-01,-0.24763133522495895,-2.2,0.8239324982417736
1956-01-01,0.03405143659457863,-2.26,2.0154984149609985
1956-02-01,0.09487441617418195,-2.28,-1.0314481332940972
1956-03-01,-0.28833465905683264,-2.93,-0.06751777627576913
1956-04-01,-0.20754691539579478,-2.55,-0.025381558396965903
1956-05-01,-0.07119700993756427,-1.62,0.2052931948319547
1956-06-01,-0.32923453980414774,-1.98,-1.2236397310357632
1956-07-01,-0.25019355404007465,-1.48,0.46742987833997945
1956-08-01,-0.20771158310226723,-1.0,0.03670101570396325
1956-09-01,-0.5298315141412274,-0.28,2.0388993649376554
1956-10-01,-0.3695121546226197,-1.66,0.3848107911787176
1956-11-01,-0.16432558124988741,-2.44,-0.7005275550848677
1956-12-01,0.17702234982768442,-1.27,-1.4971547068752968
1957-01-01,0.47546073045538684,-1.31,-0.09794471573782605
1957-02-01,0.014613847022720894,-1.57,-0.749649593443273
1957-03-01,-0.268195049654088,-0.83,-0.42367068835594285
1957-04-01,-0.0868649645260813,-0.81,0.3456524588826128
1957-05-01,0.07595731720018947,-0.02,0.23501780256852894
1957-06-01,0.22287589137198488,1.53,0.19390051775098527
1957-07-01,1.3564077494312028,0.59,1.3922625492889247
1957-08-01,1.3920341276960326,0.34,0.4079556930770453
1957-09-01,1.5935004069806091,1.84,2.7134802556937045
1957-10-01,1.7203508953305091,1.72,0.1613349250415128
1957-11-01,1.7437331811891976,1.54,-0.406896190305905
1957-12-01,1.4747790896781743,0.46,-1.4970934611123334
1958-01-01,1.5549919468583373,0.83,-1.3143715470621484
1958-02-01,1.1676451878112322,0.94,0.9068151425024749
1958-03-01,0.9798350870081063,0.62,0.6489323286331116
1958-04-01,0.7362425139585647,0.56,-0.0896987259327301
1958-05-01,0.6871805043786049,1.46,-0.22437881421508232
1958-06-01,1.312860023942797,1.82,-0.8876048472024265
1958-07-01,0.6213944637709929,0.61,-0.16636757995949636
1958-08-01,0.7651330745062478,1.06,0.1234889741068257
1958-09-01,0.2048050056987275,0.77,-2.017685900870436
1958-10-01,0.042744945392024725,0.28,0.7251931071367159
1958-11-01,0.3651556299430321,0.28,-2.027243860485218
1958-12-01,0.3479240726773677,1.14,0.33697833144899764
1959-01-01,-0.010191767969160881,1.04,-0.04469832369290568
1959-02-01,-0.22376370395023523,0.35,0.29207407178086175
1959-03-01,0.002491991125191023,-0.14,-0.6484988962289077
1959-04-01,-0.21686719750246908,-0.16,1.6934782478194783
1959-05-01,-0.1302429008776297,-0.13,0.7180924802384169
1959-06-01,-0.10354705881872261,0.23,0.6354161714637024
1959-07-01,-0.28867245721859547,-0.42,-0.17893560504696823
1959-08-01,0.38337801530086174,-0.31,-0.07525435475106365
1959-09-01,0.5352159204661789,-0.53,0.8856980875005901
1959-10-01,-0.12584844757772107,0.96,1.3022907171692861
1959-11-01,-0.05732730838912067,1.38,1.4001751255531105
1959-12-01,-0.25013051698072497,1.02,-0.04638729836882014
1960-01-01,0.030612535156214704,0.24,0.05670134839310422
1960-02-01,-0.21020493988921696,0.61,0.33108021768184237
1960-03-01,-0.22360537834036498,0.23,-0.2617808935382636
1960-04-01,-0.049748656812191344,0.21,-0.7092649195080221
1960-05-01,0.2149527671200642,0.35,0.16645918553019404
1960-06-01,-0.1666314317086751,1.2,0.47332265126602674
1960-07-01,-0.2503186592900921,-0.42,0.5237041770156639
1960-08-01,-0.36777038670936973,-0.31,-0.07553565771538061
1960-09-01,-0.5269921178105463,-0.96,-0.6580390550949932
1960-10-01,0.05534336605483736,-0.34,0.4992660132510926
1960-11-01,0.17130354273764029,-0.34,0.40099773196605365
1960-12-01,-0.22409199783663727,0.0,-0.9190469174661362
1961-01-01,0.07367578606345929,0.89,0.948829262538173
1961-02-01,0.7029550665609032,0.92,0.7598298450972567
1961-03-01,0.942399138070157,0.64,-0.04186702970748701
1961-04-01,0.3923482344769373,0.28,-1.2542416943271149
1961-05-01,0.20784318916936814,-0.54,-1.2141378367226914
1961-06-01,0.5671322150084182,-0.7,0.4344547233627522
1961-07-01,0.2981181538219422,-1.23,-0.5254447021506891
1961-08-01,0.4014521668836165,-0.87,-0.27410635632258384
1961-09-01,0.5936971662240559,-1.34,-1.128888725827337
1961-10-01,0.25624830812822547,-1.78,0.8232602510314102
1961-11-01,0.2127658704968629,-1.43,-1.8917886463852152
1961-12-01,-0.7808909185735451,-1.73,-0.04766999087627304
1962-01-01,-1.0101181191164776,-1.0,0.35519522368881423
1962-02-01,-0.984876752622778,-0.87,0.611935762972934
1962-03-01,-1.260724031949955,-1.06,0.48225288011626677
1962-04-01,-0.644928237575469,-0.95,-1.2195309755052213
1962-05-01,-1.009477827206112,-1.3,-0.4124926697302122
1962-06-01,-1.040543390494596,-1.71,-0.7445331449913191
1962-07-01,-0.897266878259309,-1.83,-1.172096546489997
1962-08-01,-0.37515820371354347,-0.66,-1.7602764504033035
1962-09-01,-0.768401028696021,-1.47,0.4785789523670768
1962-10-01,-0.34261180017993104,-1.76,1.1795886359015468
1962-11-01,-0.3052807018560618,-0.38,-0.5714157634772371
1962-12-01,-0.5692052269848409,-0.23,0.7665785793567848
1963-01-01,-0.37365366200737565,0.12,0.5366135018782695
1963-02-01,-0.2765703871345971,0.15,-0.9042011409964105
1963-03-01,-0.4289784115687758,-0.28,-0.11448156552877904
1963-04-01,-0.3651399449148926,-0.27,0.04155531256635782
1963-05-01,-0.4442200294819314,-1.26,0.73915805123746
1963-06-01,-0.36574282295836386,-0.6,0.10971543405804976
1963-07-01,-0.1305293383062135,-1.11,-1.742917698312432
1963-08-01,0.35832864036801343,-1.01,1.8308936471510682
1963-09-01,-0.04884887331684262,1.08,0.389009487920547
1963-10-01,0.5959460264117216,0.34,-0.9942221883063024
1963-11-01,-0.04927491608620105,-0.5,-1.53735764648625
1963-12-01,-0.08988295298825594,0.45,-0.8714990736133837
1964-01-01,0.09560050425594262,0.34,-0.3505811403019666
1964-02-01,0.17033801415085814,0.21,-0.6791806200882711
1964-03-01,-0.033505643210405806,-0.71,-0.4752975615423078
1964-04-01,-0.09259175399654779,-1.27,-1.0194808143516088
1964-05-01,-0.23123285899454288,-2.39,0.5554730799845368
1964-06-01,-0.384919000178352,-0.86,-1.0483944003488417
1964-07-01,-0.09154647105420943,-1.08,0.538877640750552
1964-08-01,0.024712821840725707,-1.6,0.6788123148284986
1964-09-01,-0.18563133892154313,-1.35,-1.5036879298520913
1964-10-01,0.10281175760058639,-0.64,-0.47239566539972033
1964-11-01,0.18472043810351058,-0.68,0.9092752379945886
1964-12-01,0.41010702994484755,-0.62,0.15782823448385638
1965-01-01,0.5579849795274465,-0.95,0.8663186708478794
1965-02-01,0.25348797829808023,-0.61,1.083707151453154
1965-03-01,0.06008486840918137,-0.17,-1.1269214028532486
1965-04-01,0.2782644631052418,-0.01,-0.4362261321707355
1965-05-01,0.43354909642475703,-0.66,0.2893166257155929
1965-06-01,0.3839237085930369,-0.76,-0.2836567061149205
1965-07-01,0.3807295527263678,-0.74,0.33018172570217014
1965-08-01,0.7259560661902585,0.32,1.4621780161609799
1965-09-01,0.47588904292048373,0.83,-0.2051531770363194
1965-10-01,0.5924293529794468,0.3,0.21290741339443622
1965-11-01,0.4725286219513339,0.47,-0.13338269570732658
1965-12-01,0.3599713987880344,0.25,-2.0639937904708976
1966-01-01,0.653607314505388,-0.67,-0.8460960717058861
1966-02-01,0.8358714877512582,-0.43,-0.2226423693790047
1966-03-01,0.9963372297763239,-1.0,-0.4700585734603731
1966-04-01,1.2883471489449903,-0.37,0.7836564411573652
1966-05-01,1.165813586540319,-0.76,1.0694586426430788
1966-06-01,1.2538181192747764,0.1,-0.7057012277821092
1966-07-01,1.035356280369262,0.01,1.0553947628083085
1966-08-01,1.0290705580788684,-0.29,-0.53696812357199
1966-09-01,0.8871205859606761,-0.35,0.2903807573592735
1966-10-01,0.827507316862424,-0.6,-0.40836620029695964
1966-11-01,0.9233036928072557,-0.71,-1.360693911398776
1966-12-01,0.5855071185564884,-0.21,-0.7957099765039268
1967-01-01,1.1546725894064775,-0.24,-1.6648190684915358
1967-02-01,0.7374001160159191,-0.25,0.7969881774660552
1967-03-01,0.29940352057800756,-0.8,1.347682348308775
1967-04-01,0.6168964305702271,-1.13,0.897694106053532
1967-05-01,0.7927055957020852,-1.54,-0.31802981393866575
1967-06-01,0.9006709812475233,-1.2,0.6931124665423908
1967-07-01,0.9991075359020549,-1.21,-1.9600903017716953
1967-08-01,0.8955227504577751,-1.55,1.022991515741315
1967-09-01,0.5367941639662481,-0.6,1.8500350857419967
1967-10-01,0.5058561150277412,-0.06,0.6637444981179872
1967-11-01,0.25212199007133357,0.36,-0.5109771217742068
1967-12-01,0.5194457110895256,-0.68,0.8325702938304306
1968-01-01,0.4233839255299315,-0.65,0.05448981720650141
1968-02-01,0.13339637393918488,-0.19,-1.043360355418443
1968-03-01,0.023640984049368374,0.08,-1.3607827817040088
1968-04-01,0.14515632192711883,-0.69,-0.23362792136343877
1968-05-01,-0.03847667610678546,-0.79,0.02108695788030854
1968-06-01,-0.28129512716603633,0.14,-2.580930177886796
1968-07-01,-0.180059451001859,0.44,2.9095332799689
1968-08-01,-0.08856353456905629,-0.01,-0.44543460297625226
1968-09-01,-0.23179013372348958,0.26,1.2956982597391582
1968-10-01,-0.34992261203663744,-0.18,0.024555198527636754
1968-11-01,-0.24531536962568284,0.03,1.2670365323564279
1968-12-01,-0.6552091351123118,-0.29,2.215875789127346
1969-01-01,-1.0119273539140472,-0.71,-0.548330614398358
1969-02-01,-1.1262678848983734,-1.22,-0.34482927011621256
1969-03-01,-1.0776752419220903,-1.21,0.5934193686724752
1969-04-01,-0.8766354480504799,-1.07,0.9781553374482497
1969-05-01,-0.3463650381605663,-1.06,0.21558004954405932
1969-06-01,-0.05443064738390391,0.84,-0.1648525029312059
1969-07-01,-0.09696914163454165,-0.37,-1.4011754049337417
1969-08-01,-0.09297708984189414,-0.92,0.0874782797927771
1969-09-01,-0.38443819024904735,-1.07,-1.0300424185790982
1969-10-01,-0.3515483120218596,0.95,0.001833321755388578
1969-11-01,-0.40299107249571514,0.58,1.2118494472547539
1969-12-01,-0.2658763971447168,1.13,0.38378952695716495
1970-01-01,-0.487458040495942,1.06,0.3484526182697469
1970-02-01,-0.2829082821739961,1.01,-1.5516929093615592
1970-03-01,0.20520421994417676,1.2,0.47925471007670384
1970-04-01,0.1520557534127018,0.31,-0.5366052661931457
1970-05-01,0.2573636947011141,-0.89,-1.9461566600663887
1970-06-01,0.43867052274433643,-0.12,1.3226558207519896
1970-07-01,0.2744373289041519,-0.92,-0.25520882611231516
1970-08-01,0.31422134055686174,-1.79,0.03952851527149735
1970-09-01,0.28657692673571405,-1.68,0.47190346207798395
1970-10-01,0.2872220636267922,-1.2,1.258480530109132
1970-11-01,0.02659692210747308,-0.92,-0.7549222111085857
1970-12-01,0.03129028217440859,-0.91,1.4580859652214717
1971-01-01,0.17756074133060265,-1.34,-0.04497635658507254
1971-02-01,0.5951477495360549,-1.45,-0.8047006714025701
1971-03-01,0.8234142224080114,-1.55,0.1094547558726263
1971-04-01,1.387027537420677,-1.7,-0.6369661061529344
1971-05-01,1.0181205148121946,-1.75,-0.10302021072966966
1971-06-01,1.1780046543471787,-1.86,1.5049328820866172
1971-07-01,1.1152067906339664,-2.25,-1.891181261869789
1971-08-01,1.6606269915358713,-0.32,0.06556711768075081
1971-09-01,1.2520748067757388,-0.17,-0.017020957501631948
1971-10-01,0.8749507734439321,-0.35,-0.3155718194321562
1971-11-01,0.6076379024663323,-1.28,-0.46615850752898585
1971-12-01,-0.09029460507324294,-1.77,0.6804216664684019
1972-01-01,-0.23899165107014697,-2.12,-0.6060894225032537
1972-02-01,-0.4428322844292416,-1.95,-2.8946696735823734
1972-03-01,-0.35343092004345517,-1.53,-1.5096846736205929
1972-04-01,-0.21556103530596185,-1.7,-0.30990392266433403
1972-05-01,0.3688463199894001,-2.16,0.9053809595705165
1972-06-01,0.6170888394462752,-1.84,0.5542249868233591
1972-07-01,0.38230885880292687,-1.48,-2.1586546489764107
1972-08-01,0.0745535715181268,-0.11,0.5536218084396147
1972-09-01,0.2146739658182658,-0.2,0.10756107419921337
1972-10-01,-0.20286339286975344,-0.22,-0.5278526906555643
1972-11-01,0.36686057617352796,-0.05,-0.5101769204105662
1972-12-01,0.6840065547725613,-0.37,0.5857976893521988
1973-01-01,0.4748532036638937,-0.15,0.291447762616228
1973-02-01,-0.08657247542975882,-0.55,-1.0105664433008053
1973-03-01,0.3282464843628409,-0.88,-1.0889629982077043
1973-04-01,0.26105988235077143,-1.35,0.11053649083756287
1973-05-01,0.6062987877077328,-1.59,1.8524009755050406
1973-06-01,0.06734061129864943,-1.44,1.0502080141629702
1973-07-01,-0.11920595671734735,-1.4,0.5942092329937071
1973-08-01,-0.10571225113015767,-1.56,-1.0674543123504228
1973-09-01,-0.08104684788771929,-1.05,-0.8147923686559245
1973-10-01,-0.20796180454272045,-1.36,0.6610383621743101
1973-11-01,-0.00031064438419881046,-1.42,0.7997619189291726
1973-12-01,-0.32056570876055723,-0.89,-0.8089931166689117
1974-01-01,-0.33122298339088957,-0.86,-0.16805486098316905
1974-02-01,-0.26201199553823096,-1.38,-0.8383705403727456
1974-03-01,-0.08147914576678317,-1.21,-0.5800830170772961
1974-04-01,0.14015323223656206,-0.62,1.0055398095404644
1974-05-01,-0.21125471853845487,-0.72,-0.2834590596674548
1974-06-01,-0.6503634979052961,-0.37,-0.9296103340585926
1974-07-01,-0.20202410154521377,0.02,-1.4850387719885754
1974-08-01,-0.0821274877968149,-0.27,-0.14699539649764248
1974-09-01,-0.2984606999840995,0.71,-0.3098233859580046
1974-10-01,0.19673096267106727,0.19,1.444679244603229
1974-11-01,0.21176025669181814,0.61,-0.8527925807063621
1974-12-01,0.5443733862417843,0.27,-0.9577531714177685
1975-01-01,0.5101915920406386,-0.65,0.6266417916601702
1975-02-01,1.0773968103011708,-0.93,0.21793748809723215
1975-03-01,1.496259382004015,-1.07,-0.005939406254467706
1975-04-01,1.2719441992598917,-1.79,0.16101261890003285
1975-05-01,1.4362210646202092,-2.08,-0.4619821128094149
1975-06-01,1.4862117430337325,-1.61,0.07614192468638938
1975-07-01,1.7481800359900639,-0.84,0.7632283187033682
1975-08-01,1.2838849942170263,-1.56,-1.1217236932369206
1975-09-01,1.3613119327948555,-1.6,0.8872505096785496
1975-10-01,1.5427080855702462,-1.59,1.0682622849488717
1975-11-01,0.8608154310862873,-1.73,-0.5197731744381434
1975-12-01,0.4197563341779261,-1.49,2.896842069362143
1976-01-01,-0.2339889525678966,-1.08,1.886785131194877
1976-02-01,-0.2914121076444743,-1.01,-1.7032779734928065
1976-03-01,-0.04700822014123818,-1.31,1.0196780831487855
1976-04-01,0.408399717501694,-1.38,0.7521373709157989
1976-05-01,0.3897881798774572,-1.23,-1.082310768925422
1976-06-01,0.839394025561099,-1.26,0.514951565793821
1976-07-01,0.34142418554052173,0.28,-0.4705215627537136
1976-08-01,-0.20373296482007675,0.97,0.8958208815009219
1976-09-01,-0.2000239780070547,0.58,-0.9711844497429485
1976-10-01,-0.06480194552455705,1.12,-0.9896265306751626
1976-11-01,-0.06813017540032928,1.33,1.887882877392979
1976-12-01,-0.6815497878722593,1.2,0.038845538993264726
1977-01-01,-0.64013082093887,1.24,0.7760302936091378
1977-02-01,-0.9674585889964389,1.51,0.9881923829801338
1977-03-01,-0.6698109654477835,0.62,-0.13185578606312948
1977-04-01,-0.4928503950739507,-0.25,-0.417463181770706
1977-05-01,-0.7255292914647622,-0.47,0.5112687827053963
1977-06-01,-0.8071364375192941,0.03,1.788708880377492
1977-07-01,-1.0441868503340501,-0.06,0.15862751657539534
1977-08-01,-0.9585718944825967,-0.09,0.42849521937881024
1977-09-01,-0.5761720088839657,-0.64,-0.18215595717155927
1977-10-01,-0.8142726218962323,-0.84,0.3481950066863426
1977-11-01,-0.5816314050512557,-0.45,-0.4972309968383161
1977-12-01,-0.6825455500578623,-0.06,0.37052613355703645
1978-01-01,-0.8521528447307793,0.58,0.9923520703775796
1978-02-01,-0.7990466682440688,0.78,1.441997130977156
1978-03-01,-1.0297146981454741,1.13,0.9471705547009651
1978-04-01,-1.0928380199350813,1.03,0.4664146610416725
1978-05-01,-1.3429175857182278,0.77,1.9831467520325827
1978-06-01,-0.6192082872714882,0.33,-0.05422930241009084
1978-07-01,-0.5467083929528209,-1.62,-0.17007763555566485
1978-08-01,-0.7019552060553145,-0.91,-1.8211439266464158
1978-09-01,-0.5675657122295164,-0.78,0.33244431847748
1978-10-01,-0.5445075559138136,0.07,0.6816662594516396
1978-11-01,-0.5563476801823991,-0.01,1.126889719970733
1978-12-01,-0.3164629021511317,-0.51,-0.10258255629455827
1979-01-01,-0.05756429892182702,-0.38,2.3332815231454527
1979-02-01,-0.21095821331280257,-1.29,0.8945655017848723
1979-03-01,-0.3626078641749263,-0.68,-1.0559858001698816
1979-04-01,-0.40886258690292687,-0.12,0.4029429717659757
1979-05-01,-1.0585526776333096,0.57,-0.004915364059432878
1979-06-01,-1.4072547285295443,0.22,1.345430256499787
1979-07-01,-0.8564669754432326,0.3,0.05611833490080556
1979-08-01,-0.2773299638485243,0.05,-0.8246051232398274
1979-09-01,-0.32430777933058536,0.88,0.32596715762862394
1979-10-01,-0.11890991248079688,1.1,-0.5335586581233139
1979-11-01,-0.013643874869656361,0.58,-1.7430977638227094
1979-12-01,0.9113847551538806,0.06,-0.8364091090098031
1980-01-01,1.1561187530688657,0.06,0.15949916873791667
1980-02-01,1.0021316003177494,0.58,-0.537975971574542
1980-03-01,0.6152563081058467,0.62,1.3110143650569068
1980-04-01,0.07179678121799032,0.78,-1.3150234339988949
1980-05-01,0.12565619385635823,0.64,-0.7675400287714936
1980-06-01,-0.11381464911456858,-0.72,-0.9948396181722523
1980-07-01,-0.5291092970824139,-0.21,0.1713860028118401
1980-08-01,-0.6701702326469305,0.08,1.3866554278478087
1980-09-01,-0.9276176104665559,-0.13,0.022979301584150968
1980-10-01,-0.3287133588981309,0.99,-0.19233386101060493
1980-11-01,-0.0313500959234827,0.71,1.2567760834678443
1980-12-01,-0.030606878726119644,0.3,2.3191819725301692
1981-01-01,0.4164370508135001,1.18,0.39954964566958445
1981-02-01,0.3980038380264356,1.24,-1.9310949334013618
1981-03-01,0.09981819382531293,1.22,-1.2537210720712526
1981-04-01,0.5467735976236787,1.07,0.5498000340567561
1981-05-01,0.6537692509667085,1.29,0.3799800346089588
1981-06-01,0.2772184795721007,1.82,-2.1297033810328387
1981-07-01,0.1923950281898082,0.82,0.5192110215590756
1981-08-01,-0.08952995064459976,-0.05,0.645046743433822
1981-09-01,-0.4954168748694406,0.43,-1.3415182745232885
1981-10-01,-0.16802192312300412,-0.09,1.639408044723674
1981-11-01,0.4216052613303354,0.54,0.17766174997628828
1981-12-01,-0.040125536948440454,0.59,0.5638097927597187
1982-01-01,0.13277778775357485,0.11,-0.5418512391183011
1982-02-01,-0.07569276175833071,-0.19,1.7150377080549857
1982-03-01,-0.21426110071190646,-0.37,2.358574156624595
1982-04-01,-0.3705531679123766,-0.7,0.20269845462644434
1982-05-01,-0.5926950820250838,-1.21,1.5331230585656428
1982-06-01,-0.5188690854391274,-0.99,-1.0949861335800761
1982-07-01,-0.716267211818526,0.12,0.07662341519089419
1982-08-01,-0.5635034429027219,-0.08,-0.9158778123574507
1982-09-01,-0.5222245314471908,0.51,-0.14796275260172675
1982-10-01,-0.5416864923623946,0.15,-0.8935470111436489
1982-11-01,-0.7597869417386345,-0.6,-0.27071208222247145
1982-12-01,-0.8568396467352709,0.16,0.6826935429500741
1983-01-01,-0.544538314314017,0.4,-1.6137279766328962
1983-02-01,-0.33980932659530105,0.97,-1.2310024690779935
1983-03-01,-0.5990949673753363,1.73,-0.38423786160428774
1983-04-01,-0.5093857790090349,1.26,0.6364332235581814
1983-05-01,-0.23303106409659471,1.01,1.7739844569942593
1983-06-01,-0.7105495420233467,1.9,-0.3597945899724309
1983-07-01,-0.47648653010703157,2.47,-0.03977249523696412
1983-08-01,-0.6276250047800824,1.18,-0.4466792392462844
1983-09-01,-0.3936829037241264,0.47,-0.5898808783566855
1983-10-01,-0.5832923603144688,0.68,0.1561083391392143
1983-11-01,-1.0664277544823775,1.19,-0.4589702226122986
1983-12-01,-1.4480477103990885,1.72,0.8029693809711914
1984-01-01,-1.2888174553607652,1.42,-0.19195528686480492
1984-02-01,-1.082018959308244,1.23,0.6228689099716747
1984-03-01,-1.2451120509087423,1.56,1.0904357439053962
1984-04-01,-0.929023108184656,1.0,0.7562492771368073
1984-05-01,-1.3345768160468785,0.87,-0.7316993131722191
1984-06-01,-1.2209430740363858,-0.13,0.4576293225689064
1984-07-01,-1.4621536265614843,-0.35,0.7184999001015853
1984-08-01,-1.5114890962459837,0.01,-0.18415618028344177
1984-09-01,-1.346120585226461,0.18,1.50118673693793
1984-10-01,-1.4696325362890008,0.43,-0.1366472167931751
1984-11-01,-1.4380359459290484,0.54,-0.5093852111877448
1984-12-01,-0.9923445085718114,0.48,-0.607801588714078
1985-01-01,-1.066177618571575,0.87,0.296296260329354
1985-02-01,-0.7088522230948751,0.48,0.7391107673939225
1985-03-01,-0.9768790571826731,-0.34,-0.19127531488545235
1985-04-01,-0.720249898089821,-0.52,1.0531637400124074
1985-05-01,-0.21575432208346879,-0.87,1.9600861403074037
1985-06-01,-0.9356722399133086,0.04,-0.8006343551917616
1985-07-01,-1.0811735925631207,0.52,0.7023164655992515
1985-08-01,-0.7999345951526466,0.19,1.4322455868982733
1985-09-01,-0.7808547514502798,0.13,-0.5389027559067988
1985-10-01,-0.5914255142938593,0.14,-1.2243005287271178
1985-11-01,-0.7134785188792194,-0.65,0.6085042682403188
1985-12-01,-0.6161537307494276,0.33,0.4263390922260525
1986-01-01,-0.6012415282921088,1.04,-0.6536817163967432
1986-02-01,-0.19078275696495567,1.47,0.5470219021340633
1986-03-01,-0.09537822827809618,1.68,0.3632158161036084
1986-04-01,0.01544039317227408,1.21,-0.1491795747527974
1986-05-01,-0.10966673598169353,0.85,0.6050372438289718
1986-06-01,-0.2449819296052722,0.62,-0.26526741114512115
1986-07-01,-0.35025119299063123,1.05,0.5807288057243746
1986-08-01,-0.19689043097807907,-0.19,-2.494862844936589
1986-09-01,-0.3034967321263501,-0.03,-0.44097191889330756
1986-10-01,-0.18621460184479122,1.0,0.07380927641700233
1986-11-01,0.4550270979333195,1.68,-1.135190872257761
1986-12-01,0.6708617991694953,1.71,-0.24479693902572947
1987-01-01,0.5059685596021934,1.47,-0.6028779860754205
1987-02-01,0.8157358802911576,1.46,0.04989498818597261
1987-03-01,0.6117396803555765,1.35,-1.2977791158778422
1987-04-01,-0.06087164823333735,1.38,-1.3113495877484587
1987-05-01,-0.3572103766852249,0.82,-1.1193434095772188
1987-06-01,-0.8827269153244591,0.05,-1.0059154131884736
1987-07-01,-0.8999082690044058,1.38,-1.1385735676833195
1987-08-01,-0.8043919283470997,1.74,-0.08306600258113608
1987-09-01,-0.22102154182980505,1.44,1.8706883685325129
1987-10-01,-0.10084117551757575,0.68,0.856961387304794
1987-11-01,-0.15648721660847745,0.93,-1.6075571031275953
1987-12-01,0.10798317940741703,0.94,1.2606382806960046
1988-01-01,-0.5661557312356902,0.23,0.664319260344252
1988-02-01,-0.4388557906795514,0.47,-0.11515335881026408
1988-03-01,-0.1637106534455062,0.49,-1.1135181537896488
1988-04-01,-0.5909154618349081,0.34,1.613618313085039
1988-05-01,-0.18869770268933855,0.37,-0.97022482986348
1988-06-01,-0.06827901017208046,0.21,-0.3330708813510495
1988-07-01,-0.1860374833251128,-0.15,1.6799100727753407
1988-08-01,0.022400824839283906,-0.88,0.31894175117423135
1988-09-01,0.7013685996966742,-0.98,0.7279331840749182
1988-10-01,0.6857916162445553,-0.36,0.0015508052100589842
1988-11-01,0.6916786305102006,-0.06,-0.1532720999535455
1988-12-01,0.4847024975971073,-0.14,0.12940075976078538
1989-01-01,0.1812789369979591,-1.24,1.3414315426290042
1989-02-01,0.4122517882614369,-1.45,0.041864436276645774
1989-03-01,0.11420146166263306,-1.24,0.6658874657301294
1989-04-01,0.1242511866621875,-0.32,-1.2772347566315894
1989-05-01,-0.031471166033566256,-0.09,0.5317748076381901
1989-06-01,0.11536989829370792,0.11,0.3670222637666979
1989-07-01,0.2039315400504216,0.56,0.13605538256350014
1989-08-01,0.4948003693227492,-0.44,1.2068552330458766
1989-09-01,0.29231541273405015,-0.57,1.5151975814300116
1989-10-01,0.1821213908726338,-0.51,1.066354292513404
1989-11-01,-0.1297198629493218,-0.76,0.17111928420207087
1989-12-01,-0.2500358546772231,-0.1,0.25079815219001705
1990-01-01,-0.11184212129604516,-0.42,0.24772691551960413
1990-02-01,0.1264386758271649,-1.28,0.9498531040632258
1990-03-01,-0.16285478900883923,-1.24,-0.9870267049898549
1990-04-01,0.11431246592374272,-0.15,-1.6092446822091864
1990-05-01,0.5095725769728537,-0.32,1.142171453185886
1990-06-01,0.5826457902426786,-0.25,-1.4973263150746539
1990-07-01,1.0874199549858306,-0.31,-2.0575523508292606
1990-08-01,0.7465411997561757,-0.43,1.4901390956502303
1990-09-01,0.2984906687871331,-0.26,-0.6023854935483364
1990-10-01,-0.2649744727628638,-1.16,-1.6940693352657983
1990-11-01,0.2103362679601775,-1.88,1.0962389331575209
1990-12-01,0.3856123380703771,-2.22,-0.059456465859312545
1991-01-01,0.3303757029902029,-1.8,-0.3245317512521434
1991-02-01,0.38132872058712874,-1.09,-0.19715576605867405
1991-03-01,0.005549134338902972,-1.11,-0.02985496273777953
1991-04-01,0.7387198147900605,-1.63,0.3520452000961038
1991-05-01,0.7036141879036227,-1.65,-0.5617615077947113
1991-06-01,0.6660712074947284,-2.25,0.209952089911366
1991-07-01,0.8171940739148631,-1.57,-0.005611776897646146
1991-08-01,0.8797774360443907,-0.58,-2.4072629626253033
1991-09-01,0.858964899723691,0.37,-1.4567759202026058
1991-10-01,0.5359260731177284,0.41,-1.0250027692427783
1991-11-01,0.6237739729467543,0.56,-0.2293866492005854
1991-12-01,1.126003924594589,-0.21,0.4182379574853668
1992-01-01,1.4170295459816233,0.08,1.827012261046242
1992-02-01,1.7532825793752802,0.17,-1.2336014455353372
1992-03-01,1.4245896185083968,0.12,0.26555640825320354
1992-04-01,0.9852492105799829,0.55,0.5194745385553816
1992-05-01,0.8489882134920902,1.26,1.0057650684770616
1992-06-01,0.7808068658294895,1.22,-0.21341546237397196
1992-07-01,1.0309836347878252,1.5,0.31821688307743556
1992-08-01,0.4201458823945968,0.85,0.24172434993516873
1992-09-01,0.8369963899933213,0.45,0.6313289530364967
1992-10-01,0.7058943814202924,1.28,0.5622223432394187
1992-11-01,0.5072406222940371,1.31,-2.9610697022376993
1992-12-01,0.15288524748658316,0.33,-0.28219891241270484
1993-01-01,-0.35886027882180593,-0.28,0.26840111168377817
1993-02-01,-0.076023075751051,0.02,-1.6442862631792345
1993-03-01,-0.04642537801942474,0.24,1.4504859755898147
1993-04-01,-0.4287711101397984,1.0,-0.4021729982294789
1993-05-01,-0.7744176307449033,1.79,1.1157326693093073
1993-06-01,-0.7977112774574514,2.05,-1.0941928719708198
1993-07-01,-0.2172336921248884,1.48,-0.11964222592981737
1993-08-01,-0.273387728321481,1.96,0.05301540043462095
1993-09-01,-0.6969918414247648,1.15,-0.5258433617967394
1993-10-01,-0.7010155765080717,1.31,-0.8182043356048891
1993-11-01,-0.7127310897815656,1.13,0.4500582969897859
1993-12-01,-1.4505239736858806,0.67,0.2528148087563251
1994-01-01,-1.3217600362726363,0.85,-0.33096980429376416
1994-02-01,-1.258864391707976,0.33,1.0447155715062373
1994-03-01,-0.9241160430931529,0.27,0.4648840277374381
1994-04-01,-0.2770176103002341,0.49,-0.3709608105249936
1994-05-01,0.0886536595941165,0.55,-1.4800376573430618
1994-06-01,-0.0008783135317443069,0.1,0.9898491034003934
1994-07-01,-0.33274825480107095,-0.91,0.06858721361544062
1994-08-01,0.4725345116539942,-0.88,-0.9015299770948689
1994-09-01,0.4430465906929412,-1.51,-1.7071300435185992
1994-10-01,0.402920719197531,-1.06,1.6053476758866274
1994-11-01,0.3553911211447769,-1.93,0.17963064540482857
1994-12-01,0.37927743726065566,-2.22,-0.8171487209989418
1995-01-01,0.2980415699574074,-0.86,-0.2633100648259062
1995-02-01,0.09613881089759577,0.02,-1.8994958945738165
1995-03-01,-0.07753275256428144,0.46,0.976103020636794
1995-04-01,-0.0796054583726528,0.49,0.18671126739626193
1995-05-01,-0.234672343875517,0.89,0.8292436959465793
1995-06-01,-0.4250588442911146,1.03,-1.743077409117335
1995-07-01,-0.35062389155443413,1.0,0.3289763073030335
1995-08-01,-0.3920546676252473,-0.11,-0.3784843757776503
1995-09-01,0.09834869571208399,1.22,0.5402159647504418
1995-10-01,-0.706777116377028,0.64,0.08681074512105977
1995-11-01,-0.30864734916258674,0.05,-0.33166255404708206
1995-12-01,0.09604294350296066,0.44,-0.858059865773719
1996-01-01,-0.5355784205697802,1.01,-0.507356355506543
1996-02-01,-0.5848268567369068,1.01,-1.3641977611719527
1996-03-01,-0.6377764308619536,0.85,-0.16668730198134432
1996-04-01,-0.9962522961911046,1.37,1.9527872791717544
1996-05-01,-1.1299720728492566,2.13,0.8690210552116151
1996-06-01,-1.3501476192040796,1.1,0.9584845907032287
1996-07-01,-0.689451724256585,0.57,0.3341288441517665
1996-08-01,-0.3398030338866882,-0.66,0.6476454265232893
1996-09-01,0.07564379800022825,0.07,-0.045641036419214916
1996-10-01,0.284581037413176,0.4,-1.0197721965439588
1996-11-01,-0.08259259769331034,0.38,-0.883307065225813
1996-12-01,-0.2316894178079114,-0.03,1.0885082054023445
1997-01-01,-0.061708107658744876,0.44,-0.6069988995104524
1997-02-01,-0.422175639560454,0.29,-0.05087245778619221
1997-03-01,-0.16605854655269223,0.39,0.8235504935279627
1997-04-01,-0.2215503113448635,0.73,-0.40994333309622605
1997-05-01,-0.31184152247525637,1.59,0.45903790070738065
1997-06-01,-0.06736937976668331,2.55,-1.0485416632312996
1997-07-01,0.07264655165579695,1.49,-0.34263110747356756
1997-08-01,-0.042907953255506726,2.27,-0.5564499432970955
1997-09-01,0.3091817830793183,1.8,0.639354103745043
1997-10-01,-0.046055393508582676,1.78,0.5481239406696441
1997-11-01,0.14333082792555468,1.48,0.5059274006905946
1997-12-01,0.3069281225235143,0.99,-0.05597135597350226
1998-01-01,0.1833713784769658,1.05,0.4939029566072908
1998-02-01,0.2628741473019046,1.52,-0.6464397735768228
1998-03-01,-0.13874734034387673,1.29,-0.42361187430137354
1998-04-01,0.15233549945258124,0.03,0.6932236315037287
1998-05-01,0.08163130857442642,-0.83,-0.11919032746883229
1998-06-01,-0.08334872843872805,-0.78,-0.8471687412781516
1998-07-01,0.23968891215621152,-1.16,-0.004409874064390481
1998-08-01,0.004416913777762599,-0.87,1.4070952385182394
1998-09-01,-0.41856316650908154,-1.7,-0.2548918945298905
1998-10-01,-0.8436956019153445,-2.23,0.016109869162465842
1998-11-01,-0.5775230563201182,-0.97,0.7602692019450961
1998-12-01,-0.9038995564369914,-1.09,1.131898024950251
1999-01-01,-0.2870713461979829,-0.78,0.3897134810662933
1999-02-01,-0.8829430339433013,-1.06,-0.36636890161198027
1999-03-01,-0.28571182006195983,-1.18,0.8612847545763999
1999-04-01,-0.19383539789497833,-1.85,-0.6435444044694214
1999-05-01,-0.20346579166659823,-2.32,2.0926182908555977
1999-06-01,-0.34659493854262335,-2.34,-0.7899322882197538
1999-07-01,-0.19219461038273977,-1.87,0.8066517150517515
1999-08-01,-0.18426556007192033,-1.84,-0.8759124327266689
1999-09-01,0.16515156054022812,-2.24,1.308403701641585
1999-10-01,0.18290469908481718,-2.54,-2.403100016286431
1999-11-01,0.20970475761489876,-2.18,-0.7386250847168032
1999-12-01,0.07965061818925215,-1.92,-1.8143104006956392
2000-01-01,0.0546018692540067,-2.2,-1.1317494704470263
2000-02-01,0.1414822129962238,-1.28,0.4777794021867587
2000-03-01,-0.3857165261003862,-0.66,1.7686086397543694
2000-04-01,-0.7516005001220616,-0.63,-0.8026503314169623
2000-05-01,-0.45346122190304095,-0.81,-0.2682029797903932
2000-06-01,-0.35685546827435427,-0.64,1.122576087073123
2000-07-01,-0.3763649223527226,-1.51,-0.26445741390967925
2000-08-01,-0.3331982501978324,-1.68,0.1484433129781406
2000-09-01,-0.19560391356954782,-1.45,-2.022481592363822
2000-10-01,-0.33797142630540145,-1.61,0.5497903228218326
2000-11-01,-0.5376657012955551,-1.04,-1.1988082377915914
2000-12-01,-0.4251455546366952,0.0,-0.18542425400438325
2001-01-01,-0.6761428324575353,0.48,-0.041174449270195514
2001-02-01,-0.48605272249744025,-0.01,-1.2100658590135018
2001-03-01,-0.9482225315190482,-0.41,0.9752486822474381
2001-04-01,-0.5446535871694502,-1.18,0.3840459264890127
2001-05-01,-0.3484089837285923,-1.12,0.19003099340814786
2001-06-01,-0.2367591650615704,-1.22,0.35737181329538525
2001-07-01,0.08172404662824079,-2.21,-0.9648597103810519
2001-08-01,0.5731939753041897,-1.68,-1.7507172158135265
2001-09-01,0.8201855972792098,-1.98,1.4160848342991201
2001-10-01,0.18590476815179535,-1.91,0.6579229693092894
2001-11-01,-0.21655879868409464,-1.25,2.049174407009909
2001-12-01,-0.3823484921243888,-1.12,-0.16469075884165923
2002-01-01,-0.33628632784869983,-0.42,-0.8305769357664771
2002-02-01,-0.14735998892309293,-1.51,-0.46546591789605396
2002-03-01,-0.3503471339768233,-1.27,-0.5692663008566639
2002-04-01,-0.2592823912360175,-1.23,-0.10750497293428474
2002-05-01,-0.45996903181841253,-1.3,-1.323259788966659
2002-06-01,-0.5974274695341557,-1.18,-1.4606352678735834
2002-07-01,-0.9596830516352068,-0.71,-0.16338375327788154
2002-08-01,-1.1406847203049575,0.11,0.39900349674352564
2002-09-01,-1.432121629959362,-0.21,-0.28120910221804357
2002-10-01,-1.5816714428566256,-0.2,1.081725876621382
2002-11-01,-1.1074117595886113,1.08,0.06593010916903189
2002-12-01,-1.281490250279333,1.57,-0.4588402913384881
2003-01-01,-0.36362660580018247,1.45,0.21185621939180427
2003-02-01,-0.17926857495589746,1.23,0.2764969181156708
2003-03-01,-0.10589088035184555,1.01,1.6459419702096876
2003-04-01,-0.352809126371025,0.36,-1.3667762910646533
2003-05-01,-0.10743524991122513,0.21,0.8023646969649726
2003-06-01,-0.2693830727914348,-0.42,-1.647621627773611
2003-07-01,-0.2058418211186829,0.37,-2.206189003973927
2003-08-01,0.5827677224738238,0.63,-1.6190072786156875
2003-09-01,0.4956729803090465,-0.17,0.46482404013933026
2003-10-01,0.7908876801638446,0.74,0.5819896949753935
2003-11-01,0.500845984609694,-0.23,1.070814895218407
2003-12-01,0.4402648389996361,-0.6,-1.8892338699034468
2004-01-01,0.9274785457903254,-0.55,-0.9198515326724985
2004-02-01,0.6466405738749627,-0.21,-1.0841372411820416
2004-03-01,1.125711083886545,-0.15,-1.0027255819562573
2004-04-01,1.2254655561345331,-0.0,-0.7659042412252254
2004-05-01,0.9341789677527995,0.61,-0.8582148867335497
2004-06-01,1.0304833926941759,-0.11,0.6648756077204893
2004-07-01,1.2192013883127772,0.04,-0.28546574251003326
2004-08-01,1.2838242381466585,0.24,-0.3330354929002842
2004-09-01,0.6843743983648558,0.02,-0.4043815198573633
2004-10-01,0.3977958057809097,-0.72,0.45718560079960724
2004-11-01,0.28376063453736733,-1.22,0.5174224234121413
2004-12-01,0.23305454235361672,-0.64,0.9598317430682017
2005-01-01,0.39595071738345844,-0.15,0.33688652181902434
2005-02-01,0.40966594592508876,-0.01,0.8972392437779577
2005-03-01,-0.03190395628045045,0.7,1.8299334600383204
2005-04-01,0.08534579464938355,0.28,0.08950029500014431
2005-05-01,0.2599869387695921,1.36,-1.0076812209100474
2005-06-01,0.4019253792719448,0.85,-1.55061703148637
2005-07-01,0.6859670590111369,0.11,-1.0216332446958971
2005-08-01,0.8675469994746944,-0.42,0.05307715008487186
2005-09-01,0.9185463232957559,-0.99,1.7839402152450785
2005-10-01,0.8056419775285862,-2.0,-0.45622851864507047
2005-11-01,0.2267894997209302,-1.89,1.8700520911060317
2005-12-01,0.3329960154886129,-0.1,0.08366380734325901
2006-01-01,0.36200272008868495,0.54,-1.0958400969523014
2006-02-01,0.4072760992384285,0.38,-0.8288160899369047
2006-03-01,-0.016476083431507138,-0.74,-0.3632335117773184
2006-04-01,-0.3391454372108351,-0.54,0.028874440994523676
2006-05-01,0.010714962510119441,-0.37,-0.36682024994339635
2006-06-01,-0.002223079897889014,0.21,0.011838174308581051
2006-07-01,0.20244943730368722,0.39,1.5827948415567676
2006-08-01,0.19070000641245685,-0.85,1.0893376046866339
2006-09-01,0.18055684761993473,-1.54,-0.1491525697788793
2006-10-01,0.4439863046507406,-0.46,-2.042021730202825
2006-11-01,0.24477425572045444,-0.81,0.267221439080208
2006-12-01,0.249133063230704,-0.42,0.24603798280759223
2007-01-01,0.08553717029612087,-0.69,0.9757587840102364
2007-02-01,-0.053365414963185864,-0.71,-0.0008033342033878716
2007-03-01,-0.1407805105074591,-1.1,-1.3027056462193911
2007-04-01,-0.06006232796659934,-0.46,-0.07943147919040869
2007-05-01,-0.19768068166898262,-0.29,0.2732066838774826
2007-06-01,0.19881422416997185,-0.07,-1.281714162090458
2007-07-01,-0.08944938891287649,0.43,-0.5757283852841983
2007-08-01,-0.13656594326999655,0.09,-1.121783172614979
2007-09-01,-0.2548286664252494,-0.97,1.8141987082516569
2007-10-01,0.20474756552339543,-2.33,-1.043907898037105
2007-11-01,0.24323924192452828,-1.46,-0.6022580122299352
2007-12-01,0.5284686795726659,-0.87,0.20896499128849186
2008-01-01,0.029953699704307724,-1.5,-0.47668922738766595
2008-02-01,0.1070734094946546,-1.46,0.08744912811778766
2008-03-01,0.36325530723222027,-1.26,-0.24722829817656447
2008-04-01,0.3516149732916255,-1.79,0.1628413705283406
2008-05-01,0.6360975884820683,-1.62,0.8083073237828096
2008-06-01,0.4173012946037498,-1.85,0.3370104898854388
2008-07-01,0.7983753971990488,-1.96,0.7899511811989809
2008-08-01,1.408207294564919,-1.85,-0.0365349303533328
2008-09-01,1.1585349969765295,-1.87,0.019446058221023178
2008-10-01,0.909030740858645,-1.9,-0.5632920713086497
2008-11-01,1.2541430099080908,-1.59,-0.5456166309608408
2008-12-01,1.6026003526364954,-1.31,-0.6700060166002489
2009-01-01,1.2854823092268655,-1.81,0.5085297778440946
2009-02-01,1.030878033175422,-1.78,0.9449536270449224
2009-03-01,0.8432548471997275,-2.06,0.6085214314913695
2009-04-01,0.35559420916947176,-2.23,0.7332656192239716
2009-05-01,0.04443920430726511,-1.32,0.09153623374503644
2009-06-01,-0.2612469461490817,-0.73,-0.5137763674884411
2009-07-01,-0.46546152106541205,-0.71,1.2480978248973094
2009-08-01,-0.4293208351749052,-0.49,0.18355860566465387
2009-09-01,-0.3161243318964585,0.33,-2.0871350129949935
2009-10-01,0.1806382491374104,-0.13,-0.18643168117704773
2009-11-01,-0.1369317879979679,-0.94,-0.4580554356268577
2009-12-01,0.17205811034480398,-0.51,-0.129137047841496
2010-01-01,0.09065564604267089,0.05,-1.6878967291723344
2010-02-01,0.06675096854267391,0.25,0.394913254443613
2010-03-01,0.26252171933838764,-0.16,-0.47821219950850186
2010-04-01,-0.10054705906414066,-0.04,1.223907302480354
2010-05-01,0.024230570697488588,-0.18,-1.8544489311966756
2010-06-01,0.07174317609165656,-0.79,1.1698093859584207
2010-07-01,0.21230423768493564,-1.99,-0.3740572297917152
2010-08-01,0.27782440708878753,-2.21,0.4614905146790777
2010-09-01,0.986632008353177,-2.45,-0.873728063408178
2010-10-01,0.6966468122424645,-1.6,0.39342453926591847
2010-11-01,0.46768304451767284,-1.57,-1.327556886920901
2010-12-01,0.23397258213847627,-2.04,0.4876597914843873
2011-01-01,0.043932188176552256,-1.8,-0.8332704847313138
2011-02-01,-0.15167716883305826,-1.46,-1.5680467816089423
2011-03-01,0.2201955073825131,-1.28,0.31473966073300425
2011-04-01,0.6243272310412182,-1.02,0.5574272484722359
2011-05-01,0.3906706198122535,-0.66,-0.23548228022063375
2011-06-01,0.10189688589975954,-1.08,0.711972960231764
2011-07-01,0.2331318642257048,-2.3,1.6198588378637158
2011-08-01,0.04415176451884298,-2.37,1.0510344024951164
2011-09-01,0.2296161333936119,-2.5,-1.0861570635385778
2011-10-01,0.2675314263096406,-1.92,-2.098488055041063
2011-11-01,-0.21394495082049303,-2.95,-0.6347303246487824
2011-12-01,0.27170110466057473,-2.4,-1.2133443743353047
2012-01-01,0.7832942961231738,-1.85,1.167428676405588
2012-02-01,0.5211282593655406,-1.35,-0.47182679739941213
2012-03-01,0.35270496544819135,-1.66,-1.0873626305963653
2012-04-01,0.40319408612084373,-1.01,1.0661820490049558
2012-05-01,0.46321171450486687,-2.12,0.3035681740022976
2012-06-01,0.6144538248562292,-1.63,-0.4542618995906258
2012-07-01,1.156069804000511,-2.4,1.9976782118158363
2012-08-01,0.9873786553522452,-2.6,0.4240915461719171
2012-09-01,0.6491516164554847,-2.99,-1.3974780388502939
2012-10-01,0.17044068640557808,-1.22,-1.5007394458404415
2012-11-01,-0.06588239421755543,-0.66,-0.8374526063396365
2012-12-01,-0.06923224665793902,-1.31,1.0705120052790378
2013-01-01,0.4760583370631912,-1.1,1.6531270654149086
2013-02-01,0.27316911364602064,-1.42,-0.0559055575935963
2013-03-01,0.31298858777308813,-1.48,-0.5667876477342766
2013-04-01,0.2767628601739537,-0.72,0.7063298528786476
2013-05-01,0.6056045561909835,-0.4,1.3711123275572645
2013-06-01,1.3031238283339717,-1.19,-1.6811022377568507
2013-07-01,1.0135508136244784,-1.34,-0.37597581321387524
2013-08-01,0.7653638995065639,-1.56,0.6494715677359542
2013-09-01,1.0020757726766292,-1.0,0.9347415376698835
2013-10-01,1.1064356422968595,-1.65,-0.4215653744126736
2013-11-01,1.5498042757879835,-1.09,0.36927193266131425
2013-12-01,1.5700023038069744,-1.04,1.4380986910428288
2014-01-01,1.3052144461901591,-0.57,-2.382163394836123
2014-02-01,1.351889450778836,-0.42,0.6507881126622896
2014-03-01,1.5493115798758246,0.3,1.5288449352831777
2014-04-01,1.6405250762474513,0.36,-0.6542753857948126
2014-05-01,1.6286547779548957,1.27,-0.7252226649975576
2014-06-01,1.7857917070361524,-0.28,-1.100198481363083
2014-07-01,1.958001213466239,0.25,-0.04931587967626657
2014-08-01,2.1768487894308732,0.34,0.6202682155889614
2014-09-01,2.1537768767646788,0.76,-0.9186012195773622
2014-10-01,1.8882637649931546,1.43,0.6324028158250707
2014-11-01,1.743451494423836,1.35,1.4285720352668159
2014-12-01,1.9310590349339594,1.86,1.2455058538461603
2015-01-01,1.4928724301443925,1.51,2.0598707916296077
2015-02-01,1.4541871797918238,1.52,0.459675598814442
2015-03-01,1.190766818114433,1.33,0.18722593535063475
2015-04-01,1.080313583183435,0.9,1.120538463350753
2015-05-01,1.3558177836472811,0.32,-1.1086361396919284
2015-06-01,1.277565725688524,0.82,-1.0743547273635676
2015-07-01,1.1637401175665163,1.41,-0.5628522022067087
2015-08-01,0.6394092635158889,0.98,-1.176296792718636
2015-09-01,0.7993444069724662,0.97,0.7739592120951108
2015-10-01,0.9130552206175422,0.84,0.17332639535815728
2015-11-01,1.4707261155474258,0.17,-0.5206543474841805
2015-12-01,1.231320033506783,0.29,-1.9962945565168753
2016-01-01,1.1739331284552865,0.75,-1.0294387697974383
2016-02-01,1.1313549207229845,1.29,1.4633769142872928
2016-03-01,1.4914554125797284,1.56,1.9643096379556626
2016-04-01,1.31372121160567,1.74,1.7657731815141544
2016-05-01,1.2660555481762048,1.6,0.2620647013259492
2016-06-01,1.3218189462735461,0.87,-1.1982270043819563
2016-07-01,1.245619788593099,0.57,-0.6789320551661882
2016-08-01,0.9871277253686306,-0.63,0.7560679428187195
2016-09-01,0.9466419507012598,-0.8,2.3269260314022637
2016-10-01,1.1740672805890655,-0.43,0.7961110982535724
2016-11-01,0.7487059627068409,0.96,-0.0021011321138483642
2016-12-01,0.7137262686802196,0.61,0.14290606092158803
2017-01-01,0.4323173973304457,-0.06,-1.2317959087485142
2017-02-01,0.7475996462748539,-0.02,-1.4200942997472206
2017-03-01,0.21588361021223612,0.1,-0.679028011158679
2017-04-01,0.02661869500953601,0.56,-0.13179492519467206
2017-05-01,0.13712038802793866,0.45,-1.0475709145446794
2017-06-01,0.5930655579954469,0.33,1.7128931406674202
2017-07-01,0.5140339238740059,-0.45,-0.8292123507663037
2017-08-01,0.2960706734786458,-0.63,-0.20558903463928602
2017-09-01,0.8308107269629582,-0.2,-0.8649332743140722
2017-10-01,0.3133254841417892,-0.68,-1.155826261247589
2017-11-01,-0.37764885125841435,-0.6,-0.7913666831701065
2017-12-01,-0.20787963111657323,-0.03,1.6421778725072393
2018-01-01,-0.33770793531069926,0.38,0.578828021971055
2018-02-01,-0.6103069869188433,-0.09,-0.0018022367045471643
2018-03-01,-0.3367693540371531,-0.72,-0.2387892214269695
2018-04-01,-0.22995220450207815,-0.82,1.2226320895976388
2018-05-01,-0.3761805732728889,-0.47,0.27609192311288117
2018-06-01,-0.7226538355468684,-0.66,-0.28710707405146707
2018-07-01,-0.3886512535081382,-0.03,0.4335657612811764
2018-08-01,-0.15472577476972607,-0.24,-0.9650181716318194
2018-09-01,-0.16900595642656832,-0.35,-0.41562558027710156
2018-10-01,0.4018857380303883,-0.57,1.339825702834123
2018-11-01,0.04067173432950372,-0.7,1.9458728024345646
2018-12-01,-0.4210529903808683,-0.21,-1.0478787402283674
2019-01-01,-0.5865201123071548,-0.34,-0.19196644726666678
2019-02-01,-0.5415439059830887,-0.72,0.1998198619046008
2019-03-01,-0.41438768058797226,-0.4,-0.14483845415850516
2019-04-01,-0.44531972988607404,0.09,1.0198793185194734
2019-05-01,-0.2951711379431776,0.26,-1.0907529653198715
2019-06-01,-0.6411158514059931,-0.06,0.3555842677867398
2019-07-01,-0.143874885043416,0.52,0.8573489805965003
2019-08-01,-0.15413275005684504,-0.0,1.8056281062804302
2019-09-01,0.19646927442527776,0.13,-1.2910093557538653
2019-10-01,0.2796399508960612,-0.9,-0.11985819177955258
2019-11-01,0.38870192155259026,-0.51,0.30538066974182987
2019-12-01,0.5207619134669924,-0.0,-0.2029708841367566
2020-01-01,0.6029982901254877,-1.41,-0.9732410442278178
2020-02-01,0.7355152890732022,-1.48,-1.4002634703474253
2020-03-01,1.0607095192056115,-1.75,0.9280202885097424
2020-04-01,1.0135949181954913,-1.32,0.5778970507112473
2020-05-01,1.124936553652496,-0.52,1.2342014494418245
2020-06-01,0.9855221900010784,-0.75,-0.9028490666915219
2020-07-01,1.3190051356358126,-0.92,-0.5466170398923397
2020-08-01,0.9841869314544506,-1.33,1.739155633861909
2020-09-01,1.42605036818225,-1.04,0.9130287833676677
2020-10-01,1.271397946170722,-0.62,0.7866220137771435
2020-11-01,0.7150256209182354,-1.58,0.6267751933225394
2020-12-01,0.6819543832996487,-0.98,-1.9399309982962285
2021-01-01,0.40944344772721963,-0.61,1.153682776913265
2021-02-01,0.6206921676511149,-1.09,-1.7105894736662661
2021-03-01,0.36283575709528615,-1.67,-0.6735649874462246
2021-04-01,0.19269715142132363,-1.84,0.3202893331403312
2021-05-01,-0.39343478300446805,-2.04,0.1890504786336202
2021-06-01,-0.48978320047874424,-1.82,-0.4394779396531106
2021-07-01,-1.1679686784195569,-2.0,-0.02348192461646868
2021-08-01,-1.526342657623318,-0.95,-0.10423004010000488
2021-09-01,-1.1455839950176971,-1.96,0.5473939690523548
2021-10-01,-0.795285547920678,-3.14,0.4785564900297672
2021-11-01,-0.5881197245931208,-2.75,0.16707790692713556
2021-12-01,-0.8194005950725727,-2.71,0.4639244357954284
2022-01-01,-0.7517739424079094,-2.4,0.27262203133067303
2022-02-01,-0.677677309894289,-1.91,0.3035930685485717
2022-03-01,-0.957418985662623,-1.67,0.4541793543109332
2022-04-01,-0.41065759656621553,-2.09,-0.1434339090788542
2022-05-01,-0.10638314973689256,-2.23,-0.12207423875968304
2022-06-01,-0.16203408691210247,-1.31,1.0225050329470944
2022-07-01,-0.137764926522533,-2.63,-0.6287780680236525
2022-08-01,-0.06147359148601396,-2.38,-1.1240180756701874
2022-09-01,-0.6678466928646997,-2.28,0.565217597096471
2022-10-01,-0.6752152383344088,-1.81,0.49476039545062267
2022-11-01,-0.8122889889003074,-2.4,1.0996886149071328
2022-12-01,-1.0315460929787514,-2.21,0.08173010985326266
2023-01-01,-1.0127215715466629,-1.24,0.22380935904623778
2023-02-01,-0.37214345633713986,-1.65,-0.25164481364498603
2023-03-01,-0.14267625232332296,-2.45,-1.463015375407435
2023-04-01,-0.2997623240258297,-3.08,-0.19430577580564862
2023-05-01,-0.09801125721639917,-2.41,0.799107098469912
2023-06-01,0.33159649948104136,-2.55,0.21605665732768622
2023-07-01,0.5758269544067679,-2.54,0.999810156029491
2023-08-01,0.5361333699421434,-2.48,0.6365720064037804
2023-09-01,0.28843899963625697,-2.99,-0.145531999186656
2023-10-01,0.46906209375670826,-2.23,2.3448582601262764
2023-11-01,0.5402015000075624,-1.79,1.6281126625491462
2023-12-01,0.7547393160151259,-1.66,-0.40275614495363243
2024-01-01,0.8698169249182042,-1.57,-0.0710164249346068
2024-02-01,1.0977010470221842,-1.34,1.516973333678723
2024-03-01,0.8273603788517954,-1.54,1.9794048084596036
2024-04-01,1.1398425606569136,-2.11,1.8010193155336545
2024-05-01,1.0851381859989422,-2.98,-1.2195818572759805
2024-06-01,1.5992026291866277,-3.15,0.4775085756259432
2024-07-01,1.2325260208410946,-3.01,1.6469499962390663
2024-08-01,1.6300625597065599,-2.91,0.040505426432050344
2024-09-01,1.5264295387746982,-3.56,1.673615085085422
2024-10-01,1.1783611838128938,-3.8,0.027112615750107646
2024-11-01,0.9153593152153081,-3.13,0.5701418760640943
2024-12-01,0.7277191912354812,-2.03,-0.40877171726496897
2025-01-01,,-1.29,
2025-02-01,,-1.4,
2025-03-01,,-1.12,
2025-04-01,,-1.15,
2025-05-01,,-1.66,
2025-06-01,,-2.64,
2025-07-01,,-4.21,
2025-08-01,,-3.23,
2025-09-01,,-2.31,
2025-10-01,,-2.37,
2025-11-01,,-1.51,
2025-12-01,,-0.96,
2026-01-01,,-1.24,
2026-02-01,,-1.0,
2026-03-01,,-1.43,
2026-04-01,,-1.63,
2026-05-01,,-1.76,
2026-06-01,,99.99,
2026-07-01,,99.99,
2026-08-01,,99.99,
2026-09-01,,99.99,
2026-10-01,,99.99,
2026-11-01,,99.99,
2026-12-01,,99.99,
