date,plant_name,capacity_mw,generation_gwh
1990-01-01,Colbun,400,189.78081091663861
1990-02-01,Colbun,400,122.5366645907866
1990-03-01,Colbun,400,114.90354457965024
1990-04-01,Colbun,400,80.62264160770644
1990-05-01,Colbun,400,93.139665223293
1990-06-01,Colbun,400,145.27076425952825
1990-07-01,Colbun,400,170.6192900544824
1990-08-01,Colbun,400,217.91556377931397
1990-09-01,Colbun,400,256.0584194538006
1990-10-01,Colbun,400,222.6892344286313
1990-11-01,Colbun,400,229.4319608938279
1990-12-01,Colbun,400,181.26834148535315
1991-01-01,Colbun,400,151.87869309781652
1991-02-01,Colbun,400,131.74034536350595
1991-03-01,Colbun,400,83.32971779903177
1991-04-01,Colbun,400,72.29576741794475
1991-05-01,Colbun,400,99.05881527573025
1991-06-01,Colbun,400,118.31140340034449
1991-07-01,Colbun,400,145.30444333313602
1991-08-01,Colbun,400,190.32057926444622
1991-09-01,Colbun,400,221.44413767436617
1991-10-01,Colbun,400,227.36395775354126
1991-11-01,Colbun,400,242.652457939606
1991-12-01,Colbun,400,191.93567738073395
1992-01-01,Colbun,400,158.92910496994259
1992-02-01,Colbun,400,147.33400917619588
1992-03-01,Colbun,400,177.36290223545603
1992-04-01,Colbun,400,144.22043542767574
1992-05-01,Colbun,400,128.69482090267084
1992-06-01,Colbun,400,125.27830125039796
1992-07-01,Colbun,400,175.04247984099362
1992-08-01,Colbun,400,189.21910208262923
1992-09-01,Colbun,400,204.7247039851842
1992-10-01,Colbun,400,204.77454632055097
1992-11-01,Colbun,400,240.06171901765376
1992-12-01,Colbun,400,257.0096207711082
1993-01-01,Colbun,400,169.71343964215643
1993-02-01,Colbun,400,104.04538770962223
1993-03-01,Colbun,400,149.2559628795642
1993-04-01,Colbun,400,133.9468752123713
1993-05-01,Colbun,400,106.80131216334959
1993-06-01,Colbun,400,110.89720019707255
1993-07-01,Colbun,400,158.47043931268425
1993-08-01,Colbun,400,204.55654647319818
1993-09-01,Colbun,400,217.19567921370086
1993-10-01,Colbun,400,234.53954894351767
1993-11-01,Colbun,400,231.0712088110455
1993-12-01,Colbun,400,206.63347772763197
1994-01-01,Colbun,400,159.90230564812902
1994-02-01,Colbun,400,126.8785632615884
1994-03-01,Colbun,400,113.77084621296608
1994-04-01,Colbun,400,122.65614575587813
1994-05-01,Colbun,400,121.53785478985348
1994-06-01,Colbun,400,163.4058480910862
1994-07-01,Colbun,400,218.2689494282182
1994-08-01,Colbun,400,214.0901805253837
1994-09-01,Colbun,400,249.6719447003072
1994-10-01,Colbun,400,264.40686126200904
1994-11-01,Colbun,400,174.9279582200563
1994-12-01,Colbun,400,172.99441880179532
1995-01-01,Colbun,400,144.91612922875316
1995-02-01,Colbun,400,187.12939653605815
1995-03-01,Colbun,400,142.1577207021403
1995-04-01,Colbun,400,81.22045488835609
1995-05-01,Colbun,400,88.83903138883656
1995-06-01,Colbun,400,86.8656821116039
1995-07-01,Colbun,400,123.02956370978652
1995-08-01,Colbun,400,260.95303998652474
1995-09-01,Colbun,400,234.74225769531589
1995-10-01,Colbun,400,270.6875429454649
1995-11-01,Colbun,400,194.84853792135317
1995-12-01,Colbun,400,209.77419469674365
1996-01-01,Colbun,400,160.86846094655195
1996-02-01,Colbun,400,140.12309780681005
1996-03-01,Colbun,400,93.79278250152358
1996-04-01,Colbun,400,26.03053766806083
1996-05-01,Colbun,400,130.06132933608785
1996-06-01,Colbun,400,108.19559757686261
1996-07-01,Colbun,400,203.47691442608044
1996-08-01,Colbun,400,195.6548460685273
1996-09-01,Colbun,400,191.01079003230208
1996-10-01,Colbun,400,213.51438663486945
1996-11-01,Colbun,400,249.51569588631065
1996-12-01,Colbun,400,213.33388720308574
1997-01-01,Colbun,400,115.48743517424217
1997-02-01,Colbun,400,175.1988836909354
1997-03-01,Colbun,400,123.69396434717576
1997-04-01,Colbun,400,193.28814198667348
1997-05-01,Colbun,400,100.79650135951678
1997-06-01,Colbun,400,174.00983026518276
1997-07-01,Colbun,400,171.65299542315094
1997-08-01,Colbun,400,168.4185055978392
1997-09-01,Colbun,400,215.85138222384543
1997-10-01,Colbun,400,218.99794930217638
1997-11-01,Colbun,400,226.80835143316546
1997-12-01,Colbun,400,154.4124460691492
1998-01-01,Colbun,400,202.38169872127
1998-02-01,Colbun,400,127.33321514207108
1998-03-01,Colbun,400,151.94773667603872
1998-04-01,Colbun,400,90.1301336077228
1998-05-01,Colbun,400,182.29052184090693
1998-06-01,Colbun,400,119.66317513280653
1998-07-01,Colbun,400,171.94098893164315
1998-08-01,Colbun,400,156.87076396675985
1998-09-01,Colbun,400,207.5750020984082
1998-10-01,Colbun,400,235.70088430763016
1998-11-01,Colbun,400,242.6772651288341
1998-12-01,Colbun,400,229.40264529693266
1999-01-01,Colbun,400,145.47381490609928
1999-02-01,Colbun,400,145.68507713869263
1999-03-01,Colbun,400,106.11682863450949
1999-04-01,Colbun,400,130.78276030841886
1999-05-01,Colbun,400,128.66184211577013
1999-06-01,Colbun,400,138.97245704541425
1999-07-01,Colbun,400,219.56251237912448
1999-08-01,Colbun,400,226.20300994206852
1999-09-01,Colbun,400,231.14446345487522
1999-10-01,Colbun,400,219.19165372533095
1999-11-01,Colbun,400,192.75194348423432
1999-12-01,Colbun,400,215.8680604432806
2000-01-01,Colbun,400,128.78796429017333
2000-02-01,Colbun,400,155.02477365529012
2000-03-01,Colbun,400,169.63950406824756
2000-04-01,Colbun,400,82.88585158195309
2000-05-01,Colbun,400,160.4305451520517
2000-06-01,Colbun,400,120.40020891807713
2000-07-01,Colbun,400,176.96110318303232
2000-08-01,Colbun,400,192.20542507798734
2000-09-01,Colbun,400,194.9896184686091
2000-10-01,Colbun,400,242.95245132809634
2000-11-01,Colbun,400,188.06672222389219
2000-12-01,Colbun,400,223.16916659817417
2001-01-01,Colbun,400,166.84188889451548
2001-02-01,Colbun,400,112.19377553437597
2001-03-01,Colbun,400,111.83399154331761
2001-04-01,Colbun,400,119.37629781414348
2001-05-01,Colbun,400,145.86271512757563
2001-06-01,Colbun,400,119.5302053431565
2001-07-01,Colbun,400,199.364926699255
2001-08-01,Colbun,400,162.9799556591377
2001-09-01,Colbun,400,206.7464954095791
2001-10-01,Colbun,400,153.28752434489195
2001-11-01,Colbun,400,254.16590598388683
2001-12-01,Colbun,400,147.75973270161316
2002-01-01,Colbun,400,155.85010584591305
2002-02-01,Colbun,400,132.06684175340388
2002-03-01,Colbun,400,149.855503864774
2002-04-01,Colbun,400,118.53683016386326
2002-05-01,Colbun,400,139.17257023375421
2002-06-01,Colbun,400,140.23910785090868
2002-07-01,Colbun,400,155.27400738242915
2002-08-01,Colbun,400,234.4798869444037
2002-09-01,Colbun,400,261.8296479249705
2002-10-01,Colbun,400,231.16005690320873
2002-11-01,Colbun,400,229.8470837411778
2002-12-01,Colbun,400,205.89951505196748
2003-01-01,Colbun,400,149.5119918626075
2003-02-01,Colbun,400,164.39543170268152
2003-03-01,Colbun,400,169.49104246782477
2003-04-01,Colbun,400,96.35844547720029
2003-05-01,Colbun,400,118.50041192160523
2003-06-01,Colbun,400,152.09393664121794
2003-07-01,Colbun,400,152.99931640835138
2003-08-01,Colbun,400,241.8994847485715
2003-09-01,Colbun,400,203.66090263264545
2003-10-01,Colbun,400,239.55853353969235
2003-11-01,Colbun,400,218.7662789975029
2003-12-01,Colbun,400,202.83388108273016
2004-01-01,Colbun,400,168.94313412399123
2004-02-01,Colbun,400,184.35447918916356
2004-03-01,Colbun,400,140.14900342754467
2004-04-01,Colbun,400,158.24032391594164
2004-05-01,Colbun,400,161.52455807582828
2004-06-01,Colbun,400,106.0703806274377
2004-07-01,Colbun,400,152.31368337994726
2004-08-01,Colbun,400,208.43533416767053
2004-09-01,Colbun,400,256.96873990198617
2004-10-01,Colbun,400,229.08389029452314
2004-11-01,Colbun,400,260.4264895175474
2004-12-01,Colbun,400,176.63813444249152
2005-01-01,Colbun,400,155.0317615359208
2005-02-01,Colbun,400,140.01225940380698
2005-03-01,Colbun,400,129.71385853084237
2005-04-01,Colbun,400,129.99346347690664
2005-05-01,Colbun,400,104.48285869859012
2005-06-01,Colbun,400,190.93909905722995
2005-07-01,Colbun,400,174.23036178455007
2005-08-01,Colbun,400,193.65373544313874
2005-09-01,Colbun,400,217.90179449790864
2005-10-01,Colbun,400,269.19990643632906
2005-11-01,Colbun,400,230.45205484235882
2005-12-01,Colbun,400,204.0190663538032
2006-01-01,Colbun,400,137.89622918759187
2006-02-01,Colbun,400,82.40411052117193
2006-03-01,Colbun,400,106.84695093189275
2006-04-01,Colbun,400,100.68225680057779
2006-05-01,Colbun,400,107.08646363299542
2006-06-01,Colbun,400,130.59395171934338
2006-07-01,Colbun,400,134.6448012867999
2006-08-01,Colbun,400,211.98022846547482
2006-09-01,Colbun,400,181.50934178831014
2006-10-01,Colbun,400,238.73402809051802
2006-11-01,Colbun,400,234.11505342693619
2006-12-01,Colbun,400,193.65058868418427
2007-01-01,Colbun,400,131.31511126185057
2007-02-01,Colbun,400,141.46384811810884
2007-03-01,Colbun,400,101.63797602927409
2007-04-01,Colbun,400,123.94598896237744
2007-05-01,Colbun,400,94.25775943754977
2007-06-01,Colbun,400,195.35914472153684
2007-07-01,Colbun,400,175.9528468382781
2007-08-01,Colbun,400,175.69975961480796
2007-09-01,Colbun,400,205.58266532372897
2007-10-01,Colbun,400,232.81826343100724
2007-11-01,Colbun,400,216.57165937811553
2007-12-01,Colbun,400,201.063458649405
2008-01-01,Colbun,400,161.8428454823219
2008-02-01,Colbun,400,159.4771187839834
2008-03-01,Colbun,400,107.002879161095
2008-04-01,Colbun,400,125.51737670711898
2008-05-01,Colbun,400,138.38909868332172
2008-06-01,Colbun,400,130.70021076752337
2008-07-01,Colbun,400,179.33085898054568
2008-08-01,Colbun,400,239.2650701635227
2008-09-01,Colbun,400,244.86821774414548
2008-10-01,Colbun,400,204.16652542758666
2008-11-01,Colbun,400,221.7989259180273
2008-12-01,Colbun,400,255.74687909437208
2009-01-01,Colbun,400,191.48277502477342
2009-02-01,Colbun,400,156.4967786321535
2009-03-01,Colbun,400,99.49587854826136
2009-04-01,Colbun,400,140.92475461798554
2009-05-01,Colbun,400,82.04669982907788
2009-06-01,Colbun,400,131.68596749125274
2009-07-01,Colbun,400,147.78887758118287
2009-08-01,Colbun,400,155.2285161394102
2009-09-01,Colbun,400,209.24446519578336
2009-10-01,Colbun,400,234.4070329337357
2009-11-01,Colbun,400,244.45906079312962
2009-12-01,Colbun,400,193.0423206674002
2010-01-01,Colbun,400,150.02316219250616
2010-02-01,Colbun,400,105.84767508213469
2010-03-01,Colbun,400,156.16926839621686
2010-04-01,Colbun,400,109.49967746724246
2010-05-01,Colbun,400,117.7232272850358
2010-06-01,Colbun,400,183.20875656743104
2010-07-01,Colbun,400,145.16240662395884
2010-08-01,Colbun,400,168.93494413454556
2010-09-01,Colbun,400,244.32151015196473
2010-10-01,Colbun,400,146.7653589044818
2010-11-01,Colbun,400,231.95798310692885
2010-12-01,Colbun,400,206.26228496855734
2011-01-01,Colbun,400,147.39495409341293
2011-02-01,Colbun,400,147.69678257399713
2011-03-01,Colbun,400,158.9044681311102
2011-04-01,Colbun,400,100.89663435186002
2011-05-01,Colbun,400,173.61632950959768
2011-06-01,Colbun,400,134.75056396412327
2011-07-01,Colbun,400,110.87595465904066
2011-08-01,Colbun,400,181.14458742946428
2011-09-01,Colbun,400,266.9829358041635
2011-10-01,Colbun,400,217.18873649344178
2011-11-01,Colbun,400,275.1357014444486
2011-12-01,Colbun,400,218.68562317041992
2012-01-01,Colbun,400,164.95047356615348
2012-02-01,Colbun,400,142.60429004075553
2012-03-01,Colbun,400,106.40831003065597
2012-04-01,Colbun,400,110.80580351398208
2012-05-01,Colbun,400,109.8867108317565
2012-06-01,Colbun,400,156.28013452800596
2012-07-01,Colbun,400,207.31701636305155
2012-08-01,Colbun,400,164.07129987310515
2012-09-01,Colbun,400,241.69416584691498
2012-10-01,Colbun,400,255.72603709300824
2012-11-01,Colbun,400,257.18685102311326
2012-12-01,Colbun,400,181.04848960063407
2013-01-01,Colbun,400,129.96361269235194
2013-02-01,Colbun,400,130.47888592092556
2013-03-01,Colbun,400,142.23132026160928
2013-04-01,Colbun,400,144.62271091334375
2013-05-01,Colbun,400,130.20538277528863
2013-06-01,Colbun,400,106.81529718987004
2013-07-01,Colbun,400,148.59130889010189
2013-08-01,Colbun,400,182.9233491543118
2013-09-01,Colbun,400,224.55148609175805
2013-10-01,Colbun,400,230.31817828509747
2013-11-01,Colbun,400,225.2628258873991
2013-12-01,Colbun,400,230.42275514656694
2014-01-01,Colbun,400,197.73220501585402
2014-02-01,Colbun,400,94.08744942846576
2014-03-01,Colbun,400,95.40760225340172
2014-04-01,Colbun,400,60.36299684759016
2014-05-01,Colbun,400,122.0342710448643
2014-06-01,Colbun,400,117.11662830362454
2014-07-01,Colbun,400,165.12863789064562
2014-08-01,Colbun,400,137.78281117344883
2014-09-01,Colbun,400,230.49506326627767
2014-10-01,Colbun,400,244.09522647471923
2014-11-01,Colbun,400,254.12829856720725
2014-12-01,Colbun,400,149.5277832124588
2015-01-01,Colbun,400,145.512320923461
2015-02-01,Colbun,400,133.64611176306184
2015-03-01,Colbun,400,110.53393110552904
2015-04-01,Colbun,400,122.55786362439582
2015-05-01,Colbun,400,104.23258504276495
2015-06-01,Colbun,400,110.22313316656864
2015-07-01,Colbun,400,183.42334660762901
2015-08-01,Colbun,400,151.74458291482927
2015-09-01,Colbun,400,223.1215438185129
2015-10-01,Colbun,400,218.17679600927653
2015-11-01,Colbun,400,238.17771635431032
2015-12-01,Colbun,400,204.09502345507255
2016-01-01,Colbun,400,179.69474595460696
2016-02-01,Colbun,400,71.6929130293322
2016-03-01,Colbun,400,148.4674049411443
2016-04-01,Colbun,400,100.59941321788472
2016-05-01,Colbun,400,150.3798095882263
2016-06-01,Colbun,400,152.01149502962755
2016-07-01,Colbun,400,218.92751611807833
2016-08-01,Colbun,400,154.98749763027465
2016-09-01,Colbun,400,226.0212483954012
2016-10-01,Colbun,400,231.6647423758802
2016-11-01,Colbun,400,230.32128680544943
2016-12-01,Colbun,400,246.62142565691636
2017-01-01,Colbun,400,177.50485394275591
2017-02-01,Colbun,400,140.07829293494953
2017-03-01,Colbun,400,97.64040100115989
2017-04-01,Colbun,400,129.7681803261434
2017-05-01,Colbun,400,139.38982297155013
2017-06-01,Colbun,400,138.83036340263885
2017-07-01,Colbun,400,163.96544464091843
2017-08-01,Colbun,400,171.01570939682756
2017-09-01,Colbun,400,243.82541346531656
2017-10-01,Colbun,400,228.77332033198581
2017-11-01,Colbun,400,268.8611549669102
2017-12-01,Colbun,400,264.78107502724754
2018-01-01,Colbun,400,193.47461860128325
2018-02-01,Colbun,400,137.36177972719094
2018-03-01,Colbun,400,72.01966331709222
2018-04-01,Colbun,400,129.74037956421088
2018-05-01,Colbun,400,82.5323230085816
2018-06-01,Colbun,400,141.6805443680725
2018-07-01,Colbun,400,178.62261406718065
2018-08-01,Colbun,400,183.23543994379347
2018-09-01,Colbun,400,264.0045207252949
2018-10-01,Colbun,400,229.7223334368699
2018-11-01,Colbun,400,214.47227454305875
2018-12-01,Colbun,400,176.12891668318542
2019-01-01,Colbun,400,123.43761120456645
2019-02-01,Colbun,400,173.45779419981645
2019-03-01,Colbun,400,165.98092531920278
2019-04-01,Colbun,400,123.6656018960464
2019-05-01,Colbun,400,130.5328397983073
2019-06-01,Colbun,400,102.81841359904683
2019-07-01,Colbun,400,162.75216873091492
2019-08-01,Colbun,400,203.24852094145365
2019-09-01,Colbun,400,246.92886556116798
2019-10-01,Colbun,400,249.57828363328974
2019-11-01,Colbun,400,219.8434326008253
2019-12-01,Colbun,400,195.76469910626892
2020-01-01,Colbun,400,156.56910909828878
2020-02-01,Colbun,400,181.85790815446947
2020-03-01,Colbun,400,110.44499973037806
2020-04-01,Colbun,400,149.65681236351466
2020-05-01,Colbun,400,129.00596757657155
2020-06-01,Colbun,400,143.57197668599844
2020-07-01,Colbun,400,110.02557782612789
2020-08-01,Colbun,400,194.2182657875298
2020-09-01,Colbun,400,176.38003421407328
2020-10-01,Colbun,400,219.32977089059577
2020-11-01,Colbun,400,216.5855464397628
2020-12-01,Colbun,400,141.96325995799614
2021-01-01,Colbun,400,210.0635895876031
2021-02-01,Colbun,400,161.32133445800451
2021-03-01,Colbun,400,68.82896603125124
2021-04-01,Colbun,400,123.28255289570204
2021-05-01,Colbun,400,92.39108473441865
2021-06-01,Colbun,400,159.96023473805695
2021-07-01,Colbun,400,160.78376453907066
2021-08-01,Colbun,400,223.4768479574499
2021-09-01,Colbun,400,237.19228682970572
2021-10-01,Colbun,400,241.6324520976655
2021-11-01,Colbun,400,214.43734028145954
2021-12-01,Colbun,400,196.49264570139022
2022-01-01,Colbun,400,150.7343283601419
2022-02-01,Colbun,400,157.72616410538532
2022-03-01,Colbun,400,143.3466625717886
2022-04-01,Colbun,400,156.00912186746586
2022-05-01,Colbun,400,87.48140814763204
2022-06-01,Colbun,400,178.30810040348592
2022-07-01,Colbun,400,174.84462955764505
2022-08-01,Colbun,400,123.64228954931635
2022-09-01,Colbun,400,265.1231494202409
2022-10-01,Colbun,400,243.95323196711337
2022-11-01,Colbun,400,256.8591156116605
2022-12-01,Colbun,400,162.04586002618547
2023-01-01,Colbun,400,202.34939852536695
2023-02-01,Colbun,400,162.92419129294964
2023-03-01,Colbun,400,124.75652341120983
2023-04-01,Colbun,400,108.98554819529801
2023-05-01,Colbun,400,101.49633148955128
2023-06-01,Colbun,400,142.05674675052435
2023-07-01,Colbun,400,241.78171723579112
2023-08-01,Colbun,400,209.65352651885027
2023-09-01,Colbun,400,214.64491718738748
2023-10-01,Colbun,400,240.5584250886039
2023-11-01,Colbun,400,255.62169683651615
2023-12-01,Colbun,400,237.2313618771928
2024-01-01,Colbun,400,195.7966890570906
2024-02-01,Colbun,400,198.85922257877945
2024-03-01,Colbun,400,164.2939761513768
2024-04-01,Colbun,400,178.04940709236024
2024-05-01,Colbun,400,89.39790324332382
2024-06-01,Colbun,400,116.34010781617998
2024-07-01,Colbun,400,111.66707886904648
2024-08-01,Colbun,400,166.81473004022422
2024-09-01,Colbun,400,278.1567134107468
2024-10-01,Colbun,400,174.59280718474426
2024-11-01,Colbun,400,238.37120323391198
2024-12-01,Colbun,400,154.2265959664221
1990-01-01,Machicura,90,33.821581401417845
1990-02-01,Machicura,90,17.57310232844663
1990-03-01,Machicura,90,12.140824935301701
1990-04-01,Machicura,90,6.737349961060798
1990-05-01,Machicura,90,24.476386749384638
1990-06-01,Machicura,90,18.3678968509584
1990-07-01,Machicura,90,34.503338317971576
1990-08-01,Machicura,90,32.82202857616021
1990-09-01,Machicura,90,55.44443269484064
1990-10-01,Machicura,90,52.72659680550819
1990-11-01,Machicura,90,50.6356675376788
1990-12-01,Machicura,90,50.6803628536218
1991-01-01,Machicura,90,23.75689246517854
1991-02-01,Machicura,90,27.59680210257418
1991-03-01,Machicura,90,17.677453306404864
1991-04-01,Machicura,90,7.065594196791158
1991-05-01,Machicura,90,16.001282161720646
1991-06-01,Machicura,90,15.976665388593526
1991-07-01,Machicura,90,48.01741083079881
1991-08-01,Machicura,90,41.50286207060752
1991-09-01,Machicura,90,64.27137214387334
1991-10-01,Machicura,90,63.289660696065184
1991-11-01,Machicura,90,60.946759294800195
1991-12-01,Machicura,90,39.81382717443458
1992-01-01,Machicura,90,39.69392651579785
1992-02-01,Machicura,90,22.232311763046773
1992-03-01,Machicura,90,12.294205410240899
1992-04-01,Machicura,90,7.674584912013593
1992-05-01,Machicura,90,11.20463929152859
1992-06-01,Machicura,90,20.87358616426173
1992-07-01,Machicura,90,31.835775361129397
1992-08-01,Machicura,90,46.59278330189174
1992-09-01,Machicura,90,53.478302170696054
1992-10-01,Machicura,90,44.90051027076452
1992-11-01,Machicura,90,55.942896158022954
1992-12-01,Machicura,90,48.548601370029544
1993-01-01,Machicura,90,34.42722011250568
1993-02-01,Machicura,90,12.145556686478972
1993-03-01,Machicura,90,12.355914806755544
1993-04-01,Machicura,90,10.776376513826412
1993-05-01,Machicura,90,19.556584312485178
1993-06-01,Machicura,90,17.40485032936959
1993-07-01,Machicura,90,29.050092073890692
1993-08-01,Machicura,90,36.28508479472113
1993-09-01,Machicura,90,48.66276294120105
1993-10-01,Machicura,90,64.8
1993-11-01,Machicura,90,52.706460669196645
1993-12-01,Machicura,90,37.48479092951874
1994-01-01,Machicura,90,39.070252341452715
1994-02-01,Machicura,90,15.373845482410099
1994-03-01,Machicura,90,0.24601221202589052
1994-04-01,Machicura,90,0.5556291045265294
1994-05-01,Machicura,90,18.61294664170177
1994-06-01,Machicura,90,16.458956099187333
1994-07-01,Machicura,90,33.59177929183035
1994-08-01,Machicura,90,46.8606914849691
1994-09-01,Machicura,90,62.65833210123818
1994-10-01,Machicura,90,62.67112739278446
1994-11-01,Machicura,90,62.35344400395468
1994-12-01,Machicura,90,35.74545035041198
1995-01-01,Machicura,90,42.066433781679024
1995-02-01,Machicura,90,27.238530919099077
1995-03-01,Machicura,90,17.80140327622846
1995-04-01,Machicura,90,2.8923171189882773
1995-05-01,Machicura,90,9.412103751609372
1995-06-01,Machicura,90,20.32879032901371
1995-07-01,Machicura,90,25.533027751038468
1995-08-01,Machicura,90,37.29270481104126
1995-09-01,Machicura,90,41.4773929726177
1995-10-01,Machicura,90,54.1541218246477
1995-11-01,Machicura,90,64.8
1995-12-01,Machicura,90,33.85367662334618
1996-01-01,Machicura,90,44.181470770749485
1996-02-01,Machicura,90,23.940837317329922
1996-03-01,Machicura,90,0.0
1996-04-01,Machicura,90,12.774417254913773
1996-05-01,Machicura,90,8.84114118189496
1996-06-01,Machicura,90,11.084644813736078
1996-07-01,Machicura,90,42.16990320014838
1996-08-01,Machicura,90,38.10629646343083
1996-09-01,Machicura,90,50.205790305323944
1996-10-01,Machicura,90,59.294213232456286
1996-11-01,Machicura,90,62.04800561224093
1996-12-01,Machicura,90,56.93269629933068
1997-01-01,Machicura,90,32.45509086874507
1997-02-01,Machicura,90,22.999379691507816
1997-03-01,Machicura,90,7.549927000919643
1997-04-01,Machicura,90,0.0
1997-05-01,Machicura,90,10.6349950712434
1997-06-01,Machicura,90,17.713931969202445
1997-07-01,Machicura,90,28.868478131439524
1997-08-01,Machicura,90,48.94954697172444
1997-09-01,Machicura,90,50.10966451116783
1997-10-01,Machicura,90,51.834485897284196
1997-11-01,Machicura,90,51.099163448227884
1997-12-01,Machicura,90,32.55526632551663
1998-01-01,Machicura,90,34.105275731582665
1998-02-01,Machicura,90,26.761286047345692
1998-03-01,Machicura,90,5.324925128128894
1998-04-01,Machicura,90,6.461959385894411
1998-05-01,Machicura,90,23.99483329584468
1998-06-01,Machicura,90,20.904424409311602
1998-07-01,Machicura,90,29.589260498898575
1998-08-01,Machicura,90,44.607248679249224
1998-09-01,Machicura,90,60.13021004837073
1998-10-01,Machicura,90,64.8
1998-11-01,Machicura,90,52.85493177804137
1998-12-01,Machicura,90,38.51951222243952
1999-01-01,Machicura,90,14.830846493455418
1999-02-01,Machicura,90,16.106540772256576
1999-03-01,Machicura,90,4.131754722241563
1999-04-01,Machicura,90,0.0
1999-05-01,Machicura,90,14.378144519682952
1999-06-01,Machicura,90,20.172462489346326
1999-07-01,Machicura,90,32.48958669790939
1999-08-01,Machicura,90,42.51645755062695
1999-09-01,Machicura,90,64.8
1999-10-01,Machicura,90,63.538276049045336
1999-11-01,Machicura,90,47.86393559759865
1999-12-01,Machicura,90,51.49835022921231
2000-01-01,Machicura,90,25.14771966438292
2000-02-01,Machicura,90,17.39226863241729
2000-03-01,Machicura,90,9.865152089894595
2000-04-01,Machicura,90,0.0
2000-05-01,Machicura,90,2.332722058463805
2000-06-01,Machicura,90,28.662280507790165
2000-07-01,Machicura,90,35.22720481300659
2000-08-01,Machicura,90,52.583108204389596
2000-09-01,Machicura,90,48.22221724486968
2000-10-01,Machicura,90,48.73360024177732
2000-11-01,Machicura,90,49.26167226615665
2000-12-01,Machicura,90,57.90271228668783
2001-01-01,Machicura,90,36.76639326693437
2001-02-01,Machicura,90,29.780565258316862
2001-03-01,Machicura,90,3.9020608766562397
2001-04-01,Machicura,90,0.0
2001-05-01,Machicura,90,8.571635817879681
2001-06-01,Machicura,90,24.370144534844677
2001-07-01,Machicura,90,20.95421380378498
2001-08-01,Machicura,90,36.87196004861871
2001-09-01,Machicura,90,41.811399153730875
2001-10-01,Machicura,90,64.8
2001-11-01,Machicura,90,54.06255661944936
2001-12-01,Machicura,90,44.14043283538327
2002-01-01,Machicura,90,24.13689724023382
2002-02-01,Machicura,90,22.48839611225702
2002-03-01,Machicura,90,20.244745918571972
2002-04-01,Machicura,90,2.000223076419199
2002-05-01,Machicura,90,9.614266823408443
2002-06-01,Machicura,90,24.984646479630992
2002-07-01,Machicura,90,40.439014685123624
2002-08-01,Machicura,90,48.91257367179092
2002-09-01,Machicura,90,62.635675249839814
2002-10-01,Machicura,90,62.39820066862093
2002-11-01,Machicura,90,59.70827741488677
2002-12-01,Machicura,90,41.639552004708676
2003-01-01,Machicura,90,45.78826412036021
2003-02-01,Machicura,90,27.44661317904478
2003-03-01,Machicura,90,9.179226845491165
2003-04-01,Machicura,90,5.397863023974948
2003-05-01,Machicura,90,0.0
2003-06-01,Machicura,90,28.318761521285154
2003-07-01,Machicura,90,40.102713794077694
2003-08-01,Machicura,90,35.360249643153445
2003-09-01,Machicura,90,43.27621582038392
2003-10-01,Machicura,90,61.35007788951447
2003-11-01,Machicura,90,61.0812131740792
2003-12-01,Machicura,90,43.206687640334465
2004-01-01,Machicura,90,27.769885870352702
2004-02-01,Machicura,90,24.899143306816725
2004-03-01,Machicura,90,5.34943237842351
2004-04-01,Machicura,90,7.917560668378017
2004-05-01,Machicura,90,14.677426406533634
2004-06-01,Machicura,90,17.855269226072178
2004-07-01,Machicura,90,26.51491363944141
2004-08-01,Machicura,90,45.05741425823433
2004-09-01,Machicura,90,56.076386218854935
2004-10-01,Machicura,90,57.0765504379003
2004-11-01,Machicura,90,64.8
2004-12-01,Machicura,90,56.433467022536
2005-01-01,Machicura,90,29.42704570961273
2005-02-01,Machicura,90,20.021481537874397
2005-03-01,Machicura,90,6.7861752455917035
2005-04-01,Machicura,90,0.0
2005-05-01,Machicura,90,9.744600147007048
2005-06-01,Machicura,90,14.718863540801214
2005-07-01,Machicura,90,29.959125158508154
2005-08-01,Machicura,90,47.3200570063686
2005-09-01,Machicura,90,64.41125120527664
2005-10-01,Machicura,90,62.24035575504037
2005-11-01,Machicura,90,52.37019673683832
2005-12-01,Machicura,90,53.633401578784806
2006-01-01,Machicura,90,34.09168590223865
2006-02-01,Machicura,90,10.953402781724977
2006-03-01,Machicura,90,2.0803738905151397
2006-04-01,Machicura,90,0.16866509165840426
2006-05-01,Machicura,90,3.473619444550989
2006-06-01,Machicura,90,20.786034875269042
2006-07-01,Machicura,90,28.20092251497828
2006-08-01,Machicura,90,48.077419433288554
2006-09-01,Machicura,90,55.18059412719808
2006-10-01,Machicura,90,49.554384255990506
2006-11-01,Machicura,90,64.66495196913746
2006-12-01,Machicura,90,54.7578936750391
2007-01-01,Machicura,90,33.848869500988656
2007-02-01,Machicura,90,11.24697331681649
2007-03-01,Machicura,90,14.087380364256397
2007-04-01,Machicura,90,6.6980678222340595
2007-05-01,Machicura,90,3.6826877019106696
2007-06-01,Machicura,90,17.420694654088113
2007-07-01,Machicura,90,26.874397694241594
2007-08-01,Machicura,90,48.456694263729084
2007-09-01,Machicura,90,53.08062476845469
2007-10-01,Machicura,90,46.591266327368984
2007-11-01,Machicura,90,44.79698094132118
2007-12-01,Machicura,90,41.42489808890155
2008-01-01,Machicura,90,17.539899356263664
2008-02-01,Machicura,90,17.40785710545069
2008-03-01,Machicura,90,12.336622784190752
2008-04-01,Machicura,90,0.0
2008-05-01,Machicura,90,1.4346890955696416
2008-06-01,Machicura,90,13.766295518291987
2008-07-01,Machicura,90,33.90549648956348
2008-08-01,Machicura,90,47.118745136574994
2008-09-01,Machicura,90,59.978399054685774
2008-10-01,Machicura,90,45.11072675828221
2008-11-01,Machicura,90,56.875139862599696
2008-12-01,Machicura,90,50.748160610467686
2009-01-01,Machicura,90,17.61312019021127
2009-02-01,Machicura,90,28.894452419732666
2009-03-01,Machicura,90,9.460718260217808
2009-04-01,Machicura,90,5.773636802376926
2009-05-01,Machicura,90,20.254906774508964
2009-06-01,Machicura,90,20.668721925770875
2009-07-01,Machicura,90,41.780684450892174
2009-08-01,Machicura,90,49.25040299255043
2009-09-01,Machicura,90,57.43735096628876
2009-10-01,Machicura,90,64.8
2009-11-01,Machicura,90,52.105334927145776
2009-12-01,Machicura,90,52.53504327540712
2010-01-01,Machicura,90,26.341132205009004
2010-02-01,Machicura,90,30.662935354141183
2010-03-01,Machicura,90,14.11323000724775
2010-04-01,Machicura,90,11.300519526931414
2010-05-01,Machicura,90,4.333153871975387
2010-06-01,Machicura,90,26.42343448502951
2010-07-01,Machicura,90,30.72417674750135
2010-08-01,Machicura,90,43.09336635388824
2010-09-01,Machicura,90,55.98599522566268
2010-10-01,Machicura,90,62.6982950069815
2010-11-01,Machicura,90,45.32439057484441
2010-12-01,Machicura,90,57.452773559384795
2011-01-01,Machicura,90,31.536218229581404
2011-02-01,Machicura,90,23.018400840621258
2011-03-01,Machicura,90,17.537172018829278
2011-04-01,Machicura,90,14.511190857274178
2011-05-01,Machicura,90,10.799954780812007
2011-06-01,Machicura,90,25.357982485193066
2011-07-01,Machicura,90,49.52384417025316
2011-08-01,Machicura,90,48.04383156505852
2011-09-01,Machicura,90,51.86736784817312
2011-10-01,Machicura,90,64.8
2011-11-01,Machicura,90,45.0455858438672
2011-12-01,Machicura,90,48.04820099993992
2012-01-01,Machicura,90,30.04824343543622
2012-02-01,Machicura,90,13.793122073861333
2012-03-01,Machicura,90,6.947133173116131
2012-04-01,Machicura,90,7.843813972479789
2012-05-01,Machicura,90,17.067172914497334
2012-06-01,Machicura,90,21.65108091412372
2012-07-01,Machicura,90,29.46590656326216
2012-08-01,Machicura,90,45.63673503068749
2012-09-01,Machicura,90,61.5204362826245
2012-10-01,Machicura,90,61.347934487737646
2012-11-01,Machicura,90,49.047401592326764
2012-12-01,Machicura,90,39.23619704059119
2013-01-01,Machicura,90,27.54247966066113
2013-02-01,Machicura,90,26.532076190787325
2013-03-01,Machicura,90,10.934273813496326
2013-04-01,Machicura,90,5.12362388316097
2013-05-01,Machicura,90,12.835523088223454
2013-06-01,Machicura,90,13.705904741631564
2013-07-01,Machicura,90,33.41760631844278
2013-08-01,Machicura,90,41.91964594884596
2013-09-01,Machicura,90,56.44484949620214
2013-10-01,Machicura,90,55.73008343051426
2013-11-01,Machicura,90,56.27212921861048
2013-12-01,Machicura,90,38.44319124050328
2014-01-01,Machicura,90,37.72004753934603
2014-02-01,Machicura,90,20.826396893517142
2014-03-01,Machicura,90,6.46215913960802
2014-04-01,Machicura,90,7.01662045813754
2014-05-01,Machicura,90,17.959252224401983
2014-06-01,Machicura,90,11.268893716434016
2014-07-01,Machicura,90,27.10544008475396
2014-08-01,Machicura,90,47.054564317668444
2014-09-01,Machicura,90,44.70932223090787
2014-10-01,Machicura,90,57.699125506557685
2014-11-01,Machicura,90,60.66186923845943
2014-12-01,Machicura,90,47.49532273630809
2015-01-01,Machicura,90,35.43007148768832
2015-02-01,Machicura,90,18.253328806722926
2015-03-01,Machicura,90,0.0
2015-04-01,Machicura,90,3.217909025276014
2015-05-01,Machicura,90,13.30422206327194
2015-06-01,Machicura,90,13.710243106543238
2015-07-01,Machicura,90,23.443382735725415
2015-08-01,Machicura,90,46.343207761801054
2015-09-01,Machicura,90,47.285131636707675
2015-10-01,Machicura,90,59.0005633990101
2015-11-01,Machicura,90,64.37066125534537
2015-12-01,Machicura,90,45.9998446695927
2016-01-01,Machicura,90,32.635580734966794
2016-02-01,Machicura,90,25.3020381119156
2016-03-01,Machicura,90,10.004137108766923
2016-04-01,Machicura,90,8.890713352322077
2016-05-01,Machicura,90,8.506120719418044
2016-06-01,Machicura,90,17.844029175192958
2016-07-01,Machicura,90,28.120066510984092
2016-08-01,Machicura,90,57.59978227027585
2016-09-01,Machicura,90,49.691675602154234
2016-10-01,Machicura,90,55.623269014574845
2016-11-01,Machicura,90,53.20379745036691
2016-12-01,Machicura,90,49.872838481406866
2017-01-01,Machicura,90,33.12218023237156
2017-02-01,Machicura,90,14.223647707294113
2017-03-01,Machicura,90,10.69160470743769
2017-04-01,Machicura,90,14.394731333956155
2017-05-01,Machicura,90,8.062842432770069
2017-06-01,Machicura,90,22.3797924227264
2017-07-01,Machicura,90,30.54873579680462
2017-08-01,Machicura,90,52.81052704473478
2017-09-01,Machicura,90,60.258357283244436
2017-10-01,Machicura,90,59.0996799527559
2017-11-01,Machicura,90,51.507150457462146
2017-12-01,Machicura,90,42.59842433847525
2018-01-01,Machicura,90,32.46599812490017
2018-02-01,Machicura,90,26.21380007507483
2018-03-01,Machicura,90,13.105791896847139
2018-04-01,Machicura,90,16.97340123781374
2018-05-01,Machicura,90,14.727166529365796
2018-06-01,Machicura,90,15.129518419050534
2018-07-01,Machicura,90,33.01139514445877
2018-08-01,Machicura,90,38.88823932542185
2018-09-01,Machicura,90,59.13904559076625
2018-10-01,Machicura,90,64.8
2018-11-01,Machicura,90,56.964591273534026
2018-12-01,Machicura,90,40.54807309999614
2019-01-01,Machicura,90,41.64290944718967
2019-02-01,Machicura,90,21.498391610958965
2019-03-01,Machicura,90,12.365973821281766
2019-04-01,Machicura,90,6.026517240648666
2019-05-01,Machicura,90,14.845889240257398
2019-06-01,Machicura,90,28.316507971058506
2019-07-01,Machicura,90,43.27031967787383
2019-08-01,Machicura,90,49.541733554849536
2019-09-01,Machicura,90,48.53240516980411
2019-10-01,Machicura,90,45.88983683346465
2019-11-01,Machicura,90,55.031626336723804
2019-12-01,Machicura,90,46.75054964399193
2020-01-01,Machicura,90,38.00768736143401
2020-02-01,Machicura,90,20.35921851274006
2020-03-01,Machicura,90,12.038179204674046
2020-04-01,Machicura,90,5.2076380048561495
2020-05-01,Machicura,90,2.6861990826994964
2020-06-01,Machicura,90,17.859675212022083
2020-07-01,Machicura,90,33.394158644049035
2020-08-01,Machicura,90,48.993917954487706
2020-09-01,Machicura,90,64.8
2020-10-01,Machicura,90,61.370343027575224
2020-11-01,Machicura,90,55.744749388589746
2020-12-01,Machicura,90,43.7266015543849
2021-01-01,Machicura,90,25.964986467663646
2021-02-01,Machicura,90,7.832690066266338
2021-03-01,Machicura,90,18.5234536918236
2021-04-01,Machicura,90,9.762873176146813
2021-05-01,Machicura,90,12.257165016141784
2021-06-01,Machicura,90,13.614077676499008
2021-07-01,Machicura,90,37.73053601169973
2021-08-01,Machicura,90,41.887553873953934
2021-09-01,Machicura,90,56.67406237732789
2021-10-01,Machicura,90,48.385384568536026
2021-11-01,Machicura,90,64.8
2021-12-01,Machicura,90,39.12985925494149
2022-01-01,Machicura,90,28.9195482536206
2022-02-01,Machicura,90,27.22251004782236
2022-03-01,Machicura,90,10.193173674587737
2022-04-01,Machicura,90,0.0
2022-05-01,Machicura,90,8.605793357216257
2022-06-01,Machicura,90,22.330994516689092
2022-07-01,Machicura,90,41.070673786472256
2022-08-01,Machicura,90,45.06255800527888
2022-09-01,Machicura,90,42.13625329261524
2022-10-01,Machicura,90,55.610998660708916
2022-11-01,Machicura,90,60.03206709541538
2022-12-01,Machicura,90,44.102259101186384
2023-01-01,Machicura,90,41.23347568309786
2023-02-01,Machicura,90,16.859468440967703
2023-03-01,Machicura,90,9.726037732446004
2023-04-01,Machicura,90,0.0
2023-05-01,Machicura,90,20.399015400150184
2023-06-01,Machicura,90,21.20481392120936
2023-07-01,Machicura,90,37.45781359779557
2023-08-01,Machicura,90,53.75769905925617
2023-09-01,Machicura,90,64.8
2023-10-01,Machicura,90,52.502925972676756
2023-11-01,Machicura,90,60.2392450323805
2023-12-01,Machicura,90,46.89784710538271
2024-01-01,Machicura,90,40.160588430258166
2024-02-01,Machicura,90,18.24536137981577
2024-03-01,Machicura,90,14.374196127964904
2024-04-01,Machicura,90,14.636694891034635
2024-05-01,Machicura,90,12.506122908086303
2024-06-01,Machicura,90,18.89476827093359
2024-07-01,Machicura,90,35.33250419451577
2024-08-01,Machicura,90,41.654752593623506
2024-09-01,Machicura,90,59.30491441601277
2024-10-01,Machicura,90,64.8
2024-11-01,Machicura,90,49.03549402542304
2024-12-01,Machicura,90,47.22709045570918
1990-01-01,Isla,68,23.51235028701631
1990-02-01,Isla,68,10.584963344375463
1990-03-01,Isla,68,7.786491982477967
1990-04-01,Isla,68,1.9909353513046257
1990-05-01,Isla,68,18.105266185491647
1990-06-01,Isla,68,19.86868394695057
1990-07-01,Isla,68,23.322820440376606
1990-08-01,Isla,68,29.063135827119357
1990-09-01,Isla,68,37.52080066072699
1990-10-01,Isla,68,48.316610605199294
1990-11-01,Isla,68,38.225411077270195
1990-12-01,Isla,68,33.50100763709436
1991-01-01,Isla,68,33.627719442208964
1991-02-01,Isla,68,13.31347490851313
1991-03-01,Isla,68,5.453003057222994
1991-04-01,Isla,68,0.7524185064042337
1991-05-01,Isla,68,1.4319369148098433
1991-06-01,Isla,68,10.054990002135709
1991-07-01,Isla,68,24.66256127036942
1991-08-01,Isla,68,36.28570117557031
1991-09-01,Isla,68,38.29358333046394
1991-10-01,Isla,68,42.14639577730619
1991-11-01,Isla,68,48.96
1991-12-01,Isla,68,33.480090534363526
1992-01-01,Isla,68,19.74795302889389
1992-02-01,Isla,68,9.84823232463686
1992-03-01,Isla,68,0.19815550602896792
1992-04-01,Isla,68,0.0
1992-05-01,Isla,68,13.064185797099858
1992-06-01,Isla,68,21.684246908008106
1992-07-01,Isla,68,10.647696894701523
1992-08-01,Isla,68,37.438864597756734
1992-09-01,Isla,68,36.840284808668564
1992-10-01,Isla,68,40.24615796095084
1992-11-01,Isla,68,39.34999199435987
1992-12-01,Isla,68,26.388164003824528
1993-01-01,Isla,68,26.07561097126416
1993-02-01,Isla,68,11.318692473236107
1993-03-01,Isla,68,3.411512848201009
1993-04-01,Isla,68,1.5378777578701488
1993-05-01,Isla,68,11.284902117321389
1993-06-01,Isla,68,12.066421688585283
1993-07-01,Isla,68,35.76009900840018
1993-08-01,Isla,68,34.97996125459626
1993-09-01,Isla,68,39.91719631102141
1993-10-01,Isla,68,43.49424010639305
1993-11-01,Isla,68,45.193410245457144
1993-12-01,Isla,68,37.51771872203317
1994-01-01,Isla,68,25.455907270855068
1994-02-01,Isla,68,18.223819760632193
1994-03-01,Isla,68,7.797378950015101
1994-04-01,Isla,68,10.609600778554068
1994-05-01,Isla,68,14.766753905359819
1994-06-01,Isla,68,16.423317745861773
1994-07-01,Isla,68,25.43459872673843
1994-08-01,Isla,68,38.31845655891763
1994-09-01,Isla,68,41.50224377527951
1994-10-01,Isla,68,43.45520542544938
1994-11-01,Isla,68,33.05445299613156
1994-12-01,Isla,68,36.60421006114258
1995-01-01,Isla,68,23.322287148622287
1995-02-01,Isla,68,6.4774818183778535
1995-03-01,Isla,68,4.267588110664786
1995-04-01,Isla,68,9.571581112153318
1995-05-01,Isla,68,12.02819787586403
1995-06-01,Isla,68,21.20214956875492
1995-07-01,Isla,68,18.893022618529358
1995-08-01,Isla,68,38.169472353001616
1995-09-01,Isla,68,46.57171064074192
1995-10-01,Isla,68,41.37385541727379
1995-11-01,Isla,68,48.96
1995-12-01,Isla,68,40.97288223736541
1996-01-01,Isla,68,25.720733242084737
1996-02-01,Isla,68,3.466517952298183
1996-03-01,Isla,68,2.7664676128844166
1996-04-01,Isla,68,9.5834795229098
1996-05-01,Isla,68,12.039919324949333
1996-06-01,Isla,68,22.632267061854478
1996-07-01,Isla,68,21.914910295361516
1996-08-01,Isla,68,41.28384289949905
1996-09-01,Isla,68,33.2297424597993
1996-10-01,Isla,68,42.455728118196674
1996-11-01,Isla,68,41.0998954774405
1996-12-01,Isla,68,31.948704878936304
1997-01-01,Isla,68,16.32878865163778
1997-02-01,Isla,68,19.668837897452676
1997-03-01,Isla,68,4.4599959864107195
1997-04-01,Isla,68,0.7313134435870783
1997-05-01,Isla,68,4.735528045873188
1997-06-01,Isla,68,9.58003163239432
1997-07-01,Isla,68,29.351750268210886
1997-08-01,Isla,68,26.122334029083966
1997-09-01,Isla,68,47.151837710849044
1997-10-01,Isla,68,47.26974772181433
1997-11-01,Isla,68,44.79819604995605
1997-12-01,Isla,68,32.6290901815967
1998-01-01,Isla,68,30.356654023090186
1998-02-01,Isla,68,9.184094510401367
1998-03-01,Isla,68,9.993922178279647
1998-04-01,Isla,68,2.5369637098236955
1998-05-01,Isla,68,9.110749113329677
1998-06-01,Isla,68,16.037587726719188
1998-07-01,Isla,68,25.4078532847099
1998-08-01,Isla,68,30.901529831646705
1998-09-01,Isla,68,39.349457720920704
1998-10-01,Isla,68,42.296848332955086
1998-11-01,Isla,68,33.162115052334826
1998-12-01,Isla,68,29.74527308515369
1999-01-01,Isla,68,28.60364638414372
1999-02-01,Isla,68,13.028366698228362
1999-03-01,Isla,68,10.08450393635784
1999-04-01,Isla,68,7.43783030726641
1999-05-01,Isla,68,12.812792626899494
1999-06-01,Isla,68,14.704806228359319
1999-07-01,Isla,68,28.935234727805582
1999-08-01,Isla,68,36.03006261891545
1999-09-01,Isla,68,33.77538988372043
1999-10-01,Isla,68,39.7349257425069
1999-11-01,Isla,68,32.69023018351262
1999-12-01,Isla,68,29.975947830817546
2000-01-01,Isla,68,27.637514606325777
2000-02-01,Isla,68,13.011599053724524
2000-03-01,Isla,68,4.782728941068902
2000-04-01,Isla,68,12.871912056893633
2000-05-01,Isla,68,6.459853256504145
2000-06-01,Isla,68,5.135732895679407
2000-07-01,Isla,68,21.155797443260184
2000-08-01,Isla,68,32.531201653749605
2000-09-01,Isla,68,48.40678611241827
2000-10-01,Isla,68,35.947776666600916
2000-11-01,Isla,68,40.465735168363175
2000-12-01,Isla,68,33.82125517356922
2001-01-01,Isla,68,19.940371661759645
2001-02-01,Isla,68,14.289056718748583
2001-03-01,Isla,68,6.6727539290937905
2001-04-01,Isla,68,5.86956179211275
2001-05-01,Isla,68,0.2621840317787285
2001-06-01,Isla,68,18.72777460382499
2001-07-01,Isla,68,14.88213782242234
2001-08-01,Isla,68,47.20461342390217
2001-09-01,Isla,68,37.75536722053312
2001-10-01,Isla,68,47.01189480814992
2001-11-01,Isla,68,41.03297341750795
2001-12-01,Isla,68,20.748631063747215
2002-01-01,Isla,68,11.91406977959642
2002-02-01,Isla,68,15.924763620879466
2002-03-01,Isla,68,12.744057633065392
2002-04-01,Isla,68,0.0
2002-05-01,Isla,68,8.717431178768468
2002-06-01,Isla,68,17.3142020730375
2002-07-01,Isla,68,19.602563115569836
2002-08-01,Isla,68,29.08975644057252
2002-09-01,Isla,68,37.26770596721582
2002-10-01,Isla,68,38.43722901340789
2002-11-01,Isla,68,47.417585960038
2002-12-01,Isla,68,37.28233108454155
2003-01-01,Isla,68,28.357776255008563
2003-02-01,Isla,68,9.738546123650679
2003-03-01,Isla,68,7.80264517092494
2003-04-01,Isla,68,5.750652345134286
2003-05-01,Isla,68,8.749150145532493
2003-06-01,Isla,68,19.31070511731963
2003-07-01,Isla,68,28.73614273313545
2003-08-01,Isla,68,32.696650196798004
2003-09-01,Isla,68,40.66548895575979
2003-10-01,Isla,68,44.90818673717693
2003-11-01,Isla,68,47.374375944652634
2003-12-01,Isla,68,37.236259710296885
2004-01-01,Isla,68,28.030908711950428
2004-02-01,Isla,68,12.259753706057502
2004-03-01,Isla,68,0.0
2004-04-01,Isla,68,0.0
2004-05-01,Isla,68,4.543445750159706
2004-06-01,Isla,68,19.079135705578516
2004-07-01,Isla,68,27.767439104763074
2004-08-01,Isla,68,31.34369546290748
2004-09-01,Isla,68,48.655748429179596
2004-10-01,Isla,68,44.11864038105302
2004-11-01,Isla,68,31.78799203877635
2004-12-01,Isla,68,26.390808364559664
2005-01-01,Isla,68,35.46267316615273
2005-02-01,Isla,68,14.478188092697177
2005-03-01,Isla,68,2.1674272703245014
2005-04-01,Isla,68,1.9038212123908278
2005-05-01,Isla,68,13.97287975896437
2005-06-01,Isla,68,15.11203245117735
2005-07-01,Isla,68,26.794949998080604
2005-08-01,Isla,68,38.117657032724566
2005-09-01,Isla,68,48.96
2005-10-01,Isla,68,42.05637673942295
2005-11-01,Isla,68,38.02146308244996
2005-12-01,Isla,68,28.593394267610783
2006-01-01,Isla,68,27.37905184497544
2006-02-01,Isla,68,12.585122377837926
2006-03-01,Isla,68,4.4787709361312835
2006-04-01,Isla,68,3.6696159715500185
2006-05-01,Isla,68,6.829475484959614
2006-06-01,Isla,68,9.34583151153159
2006-07-01,Isla,68,24.42945638005807
2006-08-01,Isla,68,40.702373509694354
2006-09-01,Isla,68,37.843425431928665
2006-10-01,Isla,68,46.73415664491263
2006-11-01,Isla,68,32.432401297663574
2006-12-01,Isla,68,29.322016959463213
2007-01-01,Isla,68,9.722673476838647
2007-02-01,Isla,68,16.570362015571874
2007-03-01,Isla,68,9.967227354553303
2007-04-01,Isla,68,0.0
2007-05-01,Isla,68,0.0
2007-06-01,Isla,68,10.746027536987771
2007-07-01,Isla,68,27.485597459072203
2007-08-01,Isla,68,30.065083062838568
2007-09-01,Isla,68,32.83644214882439
2007-10-01,Isla,68,45.57335404095157
2007-11-01,Isla,68,48.96
2007-12-01,Isla,68,37.21003064130977
2008-01-01,Isla,68,22.433876688178007
2008-02-01,Isla,68,26.939672976480455
2008-03-01,Isla,68,7.877426017632866
2008-04-01,Isla,68,9.624685846135552
2008-05-01,Isla,68,10.661076916806255
2008-06-01,Isla,68,20.368760729981073
2008-07-01,Isla,68,27.345870538284085
2008-08-01,Isla,68,25.608356884756667
2008-09-01,Isla,68,37.274633742817706
2008-10-01,Isla,68,44.0473337942127
2008-11-01,Isla,68,35.22048520120645
2008-12-01,Isla,68,36.30255434430643
2009-01-01,Isla,68,27.42886706198699
2009-02-01,Isla,68,4.051406213917806
2009-03-01,Isla,68,3.939166375580122
2009-04-01,Isla,68,16.46080034019078
2009-05-01,Isla,68,4.658592116266491
2009-06-01,Isla,68,22.093892996710803
2009-07-01,Isla,68,22.199447390341376
2009-08-01,Isla,68,40.54177742044809
2009-09-01,Isla,68,48.96
2009-10-01,Isla,68,40.44788427646125
2009-11-01,Isla,68,48.96
2009-12-01,Isla,68,28.294447850476708
2010-01-01,Isla,68,29.7825241467301
2010-02-01,Isla,68,7.69980572544367
2010-03-01,Isla,68,5.394080757496569
2010-04-01,Isla,68,10.814971543291122
2010-05-01,Isla,68,6.733368692316994
2010-06-01,Isla,68,8.493740998720288
2010-07-01,Isla,68,22.542324019341926
2010-08-01,Isla,68,42.08289415815587
2010-09-01,Isla,68,40.3886041044573
2010-10-01,Isla,68,36.098092066498396
2010-11-01,Isla,68,44.82588437619664
2010-12-01,Isla,68,38.384938633255366
2011-01-01,Isla,68,29.566372024386425
2011-02-01,Isla,68,13.51798537182162
2011-03-01,Isla,68,10.226097500246617
2011-04-01,Isla,68,0.9965279886832179
2011-05-01,Isla,68,7.531205364981386
2011-06-01,Isla,68,14.185459938827956
2011-07-01,Isla,68,17.738121144314302
2011-08-01,Isla,68,33.51778396476155
2011-09-01,Isla,68,37.13349823582064
2011-10-01,Isla,68,44.040043704271035
2011-11-01,Isla,68,40.89282752757406
2011-12-01,Isla,68,29.323113335479338
2012-01-01,Isla,68,21.50991924722995
2012-02-01,Isla,68,17.49401080847036
2012-03-01,Isla,68,10.373773661187125
2012-04-01,Isla,68,8.413973599542512
2012-05-01,Isla,68,8.184241281764193
2012-06-01,Isla,68,20.303915886275984
2012-07-01,Isla,68,25.905667487625617
2012-08-01,Isla,68,36.31697270320717
2012-09-01,Isla,68,35.12611238895846
2012-10-01,Isla,68,46.689472173301525
2012-11-01,Isla,68,41.024246366572974
2012-12-01,Isla,68,36.679893235098014
2013-01-01,Isla,68,30.28072725478399
2013-02-01,Isla,68,21.9356162038408
2013-03-01,Isla,68,5.392798308031482
2013-04-01,Isla,68,10.24010608393341
2013-05-01,Isla,68,14.171207871318867
2013-06-01,Isla,68,5.068761901407514
2013-07-01,Isla,68,21.257224074861075
2013-08-01,Isla,68,36.82671180551335
2013-09-01,Isla,68,39.23078918755171
2013-10-01,Isla,68,37.44600771377139
2013-11-01,Isla,68,48.530323800477326
2013-12-01,Isla,68,33.42196638005734
2014-01-01,Isla,68,26.43571986907979
2014-02-01,Isla,68,12.533235749295638
2014-03-01,Isla,68,9.993906434132777
2014-04-01,Isla,68,3.866735024352127
2014-05-01,Isla,68,10.194369437301102
2014-06-01,Isla,68,23.57786364267751
2014-07-01,Isla,68,27.813857673427787
2014-08-01,Isla,68,34.43445683742974
2014-09-01,Isla,68,44.04202365538529
2014-10-01,Isla,68,39.97110154676162
2014-11-01,Isla,68,43.19753403265644
2014-12-01,Isla,68,34.03284035341145
2015-01-01,Isla,68,16.904751705062026
2015-02-01,Isla,68,16.448782800273285
2015-03-01,Isla,68,8.655523322388806
2015-04-01,Isla,68,10.797608403507784
2015-05-01,Isla,68,6.43535654377146
2015-06-01,Isla,68,16.106192326534643
2015-07-01,Isla,68,29.872849385960237
2015-08-01,Isla,68,35.900588996328935
2015-09-01,Isla,68,39.052099866027866
2015-10-01,Isla,68,48.24364181354068
2015-11-01,Isla,68,41.338437000674276
2015-12-01,Isla,68,41.68581499738168
2016-01-01,Isla,68,21.575774437019135
2016-02-01,Isla,68,19.05493662135075
2016-03-01,Isla,68,5.7006581777495215
2016-04-01,Isla,68,3.0916142600048584
2016-05-01,Isla,68,7.882161218025291
2016-06-01,Isla,68,10.344166991416177
2016-07-01,Isla,68,27.390723047126713
2016-08-01,Isla,68,29.72144443005758
2016-09-01,Isla,68,37.07364597555333
2016-10-01,Isla,68,31.458003035898138
2016-11-01,Isla,68,38.52717897929417
2016-12-01,Isla,68,32.196487699538615
2017-01-01,Isla,68,27.942487392619263
2017-02-01,Isla,68,23.921864231980372
2017-03-01,Isla,68,0.0
2017-04-01,Isla,68,11.753697868802492
2017-05-01,Isla,68,11.430238551248312
2017-06-01,Isla,68,15.376987095352323
2017-07-01,Isla,68,41.33507367345349
2017-08-01,Isla,68,29.67272640863181
2017-09-01,Isla,68,43.159539331980824
2017-10-01,Isla,68,47.60960669208398
2017-11-01,Isla,68,40.663627287307264
2017-12-01,Isla,68,38.961026259362434
2018-01-01,Isla,68,31.35675960411474
2018-02-01,Isla,68,13.340193232635583
2018-03-01,Isla,68,2.0004353907089465
2018-04-01,Isla,68,3.7573976760753203
2018-05-01,Isla,68,7.255235337449421
2018-06-01,Isla,68,13.157018289432903
2018-07-01,Isla,68,21.459195990662124
2018-08-01,Isla,68,34.500492559550736
2018-09-01,Isla,68,36.880675967579535
2018-10-01,Isla,68,41.916329388098404
2018-11-01,Isla,68,48.96
2018-12-01,Isla,68,36.11407666859923
2019-01-01,Isla,68,26.2648177084967
2019-02-01,Isla,68,16.947545273595594
2019-03-01,Isla,68,2.275382452788274
2019-04-01,Isla,68,9.68293773052799
2019-05-01,Isla,68,5.368506329033076
2019-06-01,Isla,68,11.586155332992032
2019-07-01,Isla,68,23.813243959189016
2019-08-01,Isla,68,29.025344418029267
2019-09-01,Isla,68,42.150296671774576
2019-10-01,Isla,68,41.24960792222926
2019-11-01,Isla,68,47.89742155210853
2019-12-01,Isla,68,28.784246891559206
2020-01-01,Isla,68,26.03681254598922
2020-02-01,Isla,68,13.797206376604223
2020-03-01,Isla,68,4.999814225655065
2020-04-01,Isla,68,9.495442089801688
2020-05-01,Isla,68,4.5526836459642555
2020-06-01,Isla,68,19.12165919939624
2020-07-01,Isla,68,20.034764265974744
2020-08-01,Isla,68,40.03351099947201
2020-09-01,Isla,68,36.93974405220582
2020-10-01,Isla,68,45.35061072321239
2020-11-01,Isla,68,42.1264728334241
2020-12-01,Isla,68,38.34686450854398
2021-01-01,Isla,68,21.022887814884456
2021-02-01,Isla,68,15.691881550903194
2021-03-01,Isla,68,8.79091035821205
2021-04-01,Isla,68,13.858568800232186
2021-05-01,Isla,68,0.494604665639911
2021-06-01,Isla,68,19.633934232739637
2021-07-01,Isla,68,22.157509129652844
2021-08-01,Isla,68,31.371347497877245
2021-09-01,Isla,68,43.26766099817565
2021-10-01,Isla,68,46.10723179037454
2021-11-01,Isla,68,47.03968721534599
2021-12-01,Isla,68,32.37677036902005
2022-01-01,Isla,68,24.505025450532383
2022-02-01,Isla,68,18.35612629188668
2022-03-01,Isla,68,6.207167228981213
2022-04-01,Isla,68,5.730298481855369
2022-05-01,Isla,68,12.304122326476325
2022-06-01,Isla,68,21.270482329741654
2022-07-01,Isla,68,23.556441236482172
2022-08-01,Isla,68,38.03820590624197
2022-09-01,Isla,68,48.96
2022-10-01,Isla,68,43.11636252200053
2022-11-01,Isla,68,48.96
2022-12-01,Isla,68,36.904717865415336
2023-01-01,Isla,68,29.804934829899523
2023-02-01,Isla,68,20.75115863383932
2023-03-01,Isla,68,11.272558366589571
2023-04-01,Isla,68,4.548529221604509
2023-05-01,Isla,68,5.444855107444532
2023-06-01,Isla,68,5.406846583848894
2023-07-01,Isla,68,20.901454439253794
2023-08-01,Isla,68,33.475149169585805
2023-09-01,Isla,68,37.820914374964396
2023-10-01,Isla,68,48.96
2023-11-01,Isla,68,40.50569909793237
2023-12-01,Isla,68,33.063081756608
2024-01-01,Isla,68,23.60358674747472
2024-02-01,Isla,68,17.954355666006997
2024-03-01,Isla,68,12.83343440708475
2024-04-01,Isla,68,4.663129417853586
2024-05-01,Isla,68,10.362602375683196
2024-06-01,Isla,68,16.968626611733633
2024-07-01,Isla,68,18.0470798080374
2024-08-01,Isla,68,44.08210300425883
2024-09-01,Isla,68,42.588950363655535
2024-10-01,Isla,68,43.76084455986892
2024-11-01,Isla,68,41.97770915854113
2024-12-01,Isla,68,33.16853032392869
1990-01-01,San Ignacio,40,15.758773337860452
1990-02-01,San Ignacio,40,9.016943321834102
1990-03-01,San Ignacio,40,8.330795399038013
1990-04-01,San Ignacio,40,1.414191599379471
1990-05-01,San Ignacio,40,3.4864690287110225
1990-06-01,San Ignacio,40,9.944698444577462
1990-07-01,San Ignacio,40,11.627593577352629
1990-08-01,San Ignacio,40,25.778978212089093
1990-09-01,San Ignacio,40,23.71838194627445
1990-10-01,San Ignacio,40,22.376250216011602
1990-11-01,San Ignacio,40,23.75928667361103
1990-12-01,San Ignacio,40,21.51270796136617
1991-01-01,San Ignacio,40,15.304227698747495
1991-02-01,San Ignacio,40,2.922584613903383
1991-03-01,San Ignacio,40,5.405505919612892
1991-04-01,San Ignacio,40,2.9623334834895503
1991-05-01,San Ignacio,40,10.347710105326023
1991-06-01,San Ignacio,40,11.497044703662556
1991-07-01,San Ignacio,40,13.16135935130095
1991-08-01,San Ignacio,40,20.407597658715524
1991-09-01,San Ignacio,40,24.581355903448653
1991-10-01,San Ignacio,40,28.8
1991-11-01,San Ignacio,40,25.91999320141359
1991-12-01,San Ignacio,40,15.917610547997558
1992-01-01,San Ignacio,40,13.484683930645403
1992-02-01,San Ignacio,40,5.842933355389906
1992-03-01,San Ignacio,40,4.332077067252531
1992-04-01,San Ignacio,40,2.6656274385998677
1992-05-01,San Ignacio,40,2.028745336363896
1992-06-01,San Ignacio,40,10.834798009645437
1992-07-01,San Ignacio,40,17.921929919453902
1992-08-01,San Ignacio,40,25.629577978456993
1992-09-01,San Ignacio,40,24.279047579969337
1992-10-01,San Ignacio,40,22.405762413977904
1992-11-01,San Ignacio,40,28.566364606589087
1992-12-01,San Ignacio,40,20.95500661553335
1993-01-01,San Ignacio,40,13.482966059976775
1993-02-01,San Ignacio,40,9.78061587060289
1993-03-01,San Ignacio,40,4.811705242887144
1993-04-01,San Ignacio,40,5.60872361367097
1993-05-01,San Ignacio,40,1.5965502854986622
1993-06-01,San Ignacio,40,4.383667358529785
1993-07-01,San Ignacio,40,15.088174788023618
1993-08-01,San Ignacio,40,20.191923336840205
1993-09-01,San Ignacio,40,26.405753507092754
1993-10-01,San Ignacio,40,22.52344913720449
1993-11-01,San Ignacio,40,22.74277996197648
1993-12-01,San Ignacio,40,20.1616767114157
1994-01-01,San Ignacio,40,20.87954899812822
1994-02-01,San Ignacio,40,7.132393849219963
1994-03-01,San Ignacio,40,0.8139424659388892
1994-04-01,San Ignacio,40,1.930844920708254
1994-05-01,San Ignacio,40,2.181999884729264
1994-06-01,San Ignacio,40,6.888680905903561
1994-07-01,San Ignacio,40,12.663173354308094
1994-08-01,San Ignacio,40,17.81817260778179
1994-09-01,San Ignacio,40,24.896196245588715
1994-10-01,San Ignacio,40,21.85234023514976
1994-11-01,San Ignacio,40,21.127377898701052
1994-12-01,San Ignacio,40,15.521714490939466
1995-01-01,San Ignacio,40,10.700049451356705
1995-02-01,San Ignacio,40,8.245264706704356
1995-03-01,San Ignacio,40,5.654813161813045
1995-04-01,San Ignacio,40,4.178313144092378
1995-05-01,San Ignacio,40,6.183778380885619
1995-06-01,San Ignacio,40,7.980616663818576
1995-07-01,San Ignacio,40,15.843736814287602
1995-08-01,San Ignacio,40,20.87933876768291
1995-09-01,San Ignacio,40,23.30543640212804
1995-10-01,San Ignacio,40,27.880596384824088
1995-11-01,San Ignacio,40,25.0164552250986
1995-12-01,San Ignacio,40,11.885145328870264
1996-01-01,San Ignacio,40,16.036928618788732
1996-02-01,San Ignacio,40,8.951246180557016
1996-03-01,San Ignacio,40,1.656307123886395
1996-04-01,San Ignacio,40,0.0
1996-05-01,San Ignacio,40,0.29791452555859
1996-06-01,San Ignacio,40,9.386744200051883
1996-07-01,San Ignacio,40,14.301873436420783
1996-08-01,San Ignacio,40,17.479009794131034
1996-09-01,San Ignacio,40,20.703343728188212
1996-10-01,San Ignacio,40,26.48685753406125
1996-11-01,San Ignacio,40,24.317491009455274
1996-12-01,San Ignacio,40,20.808756697934747
1997-01-01,San Ignacio,40,15.574005713356174
1997-02-01,San Ignacio,40,4.045627984119794
1997-03-01,San Ignacio,40,3.199834094343657
1997-04-01,San Ignacio,40,4.503169862297954
1997-05-01,San Ignacio,40,0.0
1997-06-01,San Ignacio,40,2.000481564993782
1997-07-01,San Ignacio,40,9.922190506591374
1997-08-01,San Ignacio,40,20.754616658870383
1997-09-01,San Ignacio,40,18.92269440931486
1997-10-01,San Ignacio,40,19.45019334008778
1997-11-01,San Ignacio,40,25.250492156714373
1997-12-01,San Ignacio,40,17.132391946575783
1998-01-01,San Ignacio,40,12.979842139360311
1998-02-01,San Ignacio,40,5.848142795492013
1998-03-01,San Ignacio,40,6.636722387168984
1998-04-01,San Ignacio,40,0.0
1998-05-01,San Ignacio,40,8.097866083957763
1998-06-01,San Ignacio,40,9.187545272916479
1998-07-01,San Ignacio,40,11.471115681748664
1998-08-01,San Ignacio,40,24.158269036424862
1998-09-01,San Ignacio,40,22.179673598481223
1998-10-01,San Ignacio,40,24.034892016782106
1998-11-01,San Ignacio,40,24.83763999666327
1998-12-01,San Ignacio,40,22.75788005892377
1999-01-01,San Ignacio,40,14.411424146463961
1999-02-01,San Ignacio,40,3.591921413846693
1999-03-01,San Ignacio,40,6.6686376755887435
1999-04-01,San Ignacio,40,2.641597671403507
1999-05-01,San Ignacio,40,0.23520328724418338
1999-06-01,San Ignacio,40,8.2333817031763
1999-07-01,San Ignacio,40,12.519928589449556
1999-08-01,San Ignacio,40,20.546943113625876
1999-09-01,San Ignacio,40,25.9220537922127
1999-10-01,San Ignacio,40,27.679408907640003
1999-11-01,San Ignacio,40,27.613627887166363
1999-12-01,San Ignacio,40,14.3414510136652
2000-01-01,San Ignacio,40,12.912958747986146
2000-02-01,San Ignacio,40,10.098457087139064
2000-03-01,San Ignacio,40,4.4510620492393524
2000-04-01,San Ignacio,40,11.218060460642613
2000-05-01,San Ignacio,40,2.120572128319687
2000-06-01,San Ignacio,40,8.967365521214175
2000-07-01,San Ignacio,40,18.2865693584877
2000-08-01,San Ignacio,40,26.678274176120308
2000-09-01,San Ignacio,40,26.547999042059864
2000-10-01,San Ignacio,40,28.8
2000-11-01,San Ignacio,40,24.651670682171797
2000-12-01,San Ignacio,40,22.569824874611
2001-01-01,San Ignacio,40,18.763022208401186
2001-02-01,San Ignacio,40,9.317301723213935
2001-03-01,San Ignacio,40,13.540036371956644
2001-04-01,San Ignacio,40,0.0
2001-05-01,San Ignacio,40,4.057737302639122
2001-06-01,San Ignacio,40,17.119547347667115
2001-07-01,San Ignacio,40,14.481724816659021
2001-08-01,San Ignacio,40,18.170223218018812
2001-09-01,San Ignacio,40,24.375230617105878
2001-10-01,San Ignacio,40,24.33436784038179
2001-11-01,San Ignacio,40,19.37422957628458
2001-12-01,San Ignacio,40,19.15224020979252
2002-01-01,San Ignacio,40,11.203888019770833
2002-02-01,San Ignacio,40,7.326507808737042
2002-03-01,San Ignacio,40,5.0647855075308446
2002-04-01,San Ignacio,40,5.832718359829481
2002-05-01,San Ignacio,40,5.894099687346385
2002-06-01,San Ignacio,40,9.749851795268324
2002-07-01,San Ignacio,40,13.769541506077406
2002-08-01,San Ignacio,40,21.061004185125853
2002-09-01,San Ignacio,40,23.22091025822493
2002-10-01,San Ignacio,40,22.637744618067472
2002-11-01,San Ignacio,40,17.691582140290375
2002-12-01,San Ignacio,40,27.35986397202838
2003-01-01,San Ignacio,40,15.040557198790196
2003-02-01,San Ignacio,40,7.144004097631691
2003-03-01,San Ignacio,40,2.5884252188587045
2003-04-01,San Ignacio,40,1.6716505546237408
2003-05-01,San Ignacio,40,4.230902294778972
2003-06-01,San Ignacio,40,13.950142161233963
2003-07-01,San Ignacio,40,11.161059912917672
2003-08-01,San Ignacio,40,20.777654925039112
2003-09-01,San Ignacio,40,28.457122466321827
2003-10-01,San Ignacio,40,24.601367209433935
2003-11-01,San Ignacio,40,24.07983984808423
2003-12-01,San Ignacio,40,20.6263212717653
2004-01-01,San Ignacio,40,16.651820509958323
2004-02-01,San Ignacio,40,14.032707319548132
2004-03-01,San Ignacio,40,5.578642571194322
2004-04-01,San Ignacio,40,3.6123346417794915
2004-05-01,San Ignacio,40,0.9122475383597402
2004-06-01,San Ignacio,40,9.571550945540341
2004-07-01,San Ignacio,40,12.425498500339003
2004-08-01,San Ignacio,40,19.5290775528447
2004-09-01,San Ignacio,40,18.05338616609726
2004-10-01,San Ignacio,40,22.44620815103423
2004-11-01,San Ignacio,40,20.257150420867138
2004-12-01,San Ignacio,40,20.03627430382292
2005-01-01,San Ignacio,40,14.562205050935434
2005-02-01,San Ignacio,40,5.771914056475464
2005-03-01,San Ignacio,40,7.559373155334154
2005-04-01,San Ignacio,40,4.790827077772387
2005-05-01,San Ignacio,40,7.228240783348869
2005-06-01,San Ignacio,40,11.793910076424773
2005-07-01,San Ignacio,40,14.77298545998243
2005-08-01,San Ignacio,40,20.097518512925845
2005-09-01,San Ignacio,40,23.157685822418344
2005-10-01,San Ignacio,40,28.709350431702113
2005-11-01,San Ignacio,40,20.95639563464769
2005-12-01,San Ignacio,40,25.353565532501857
2006-01-01,San Ignacio,40,16.51519434035984
2006-02-01,San Ignacio,40,8.420683108995254
2006-03-01,San Ignacio,40,10.129525467956608
2006-04-01,San Ignacio,40,0.8809340867947055
2006-05-01,San Ignacio,40,1.704474111906661
2006-06-01,San Ignacio,40,8.103370417568376
2006-07-01,San Ignacio,40,10.107665889023945
2006-08-01,San Ignacio,40,21.58946568368061
2006-09-01,San Ignacio,40,24.060943720522694
2006-10-01,San Ignacio,40,25.637223851077046
2006-11-01,San Ignacio,40,24.331834552630113
2006-12-01,San Ignacio,40,23.459922862313835
2007-01-01,San Ignacio,40,12.48742522649494
2007-02-01,San Ignacio,40,12.007499899795562
2007-03-01,San Ignacio,40,1.149838171742723
2007-04-01,San Ignacio,40,0.7415430659389561
2007-05-01,San Ignacio,40,3.648546400378879
2007-06-01,San Ignacio,40,5.196627139056653
2007-07-01,San Ignacio,40,17.600601120731923
2007-08-01,San Ignacio,40,21.100833721243642
2007-09-01,San Ignacio,40,28.13642910102543
2007-10-01,San Ignacio,40,28.256284591220876
2007-11-01,San Ignacio,40,28.8
2007-12-01,San Ignacio,40,18.88949524011506
2008-01-01,San Ignacio,40,18.18788882428857
2008-02-01,San Ignacio,40,9.268360761574804
2008-03-01,San Ignacio,40,0.6252621828825076
2008-04-01,San Ignacio,40,7.739712415952308
2008-05-01,San Ignacio,40,10.887601047173659
2008-06-01,San Ignacio,40,11.290673206771132
2008-07-01,San Ignacio,40,7.153719388520814
2008-08-01,San Ignacio,40,19.760623223297397
2008-09-01,San Ignacio,40,27.848630831958847
2008-10-01,San Ignacio,40,28.21258811751692
2008-11-01,San Ignacio,40,21.95382456224848
2008-12-01,San Ignacio,40,18.635961917374388
2009-01-01,San Ignacio,40,13.766837938848873
2009-02-01,San Ignacio,40,5.321976937040556
2009-03-01,San Ignacio,40,3.4211293699086376
2009-04-01,San Ignacio,40,4.875260058006651
2009-05-01,San Ignacio,40,4.994326791671141
2009-06-01,San Ignacio,40,5.153883820977365
2009-07-01,San Ignacio,40,19.03903811132463
2009-08-01,San Ignacio,40,23.315724620567288
2009-09-01,San Ignacio,40,22.55546655698882
2009-10-01,San Ignacio,40,21.98251453782392
2009-11-01,San Ignacio,40,23.71946489198931
2009-12-01,San Ignacio,40,17.309400977646597
2010-01-01,San Ignacio,40,12.986850115792612
2010-02-01,San Ignacio,40,2.341934526515063
2010-03-01,San Ignacio,40,1.303012537397414
2010-04-01,San Ignacio,40,2.601943403230104
2010-05-01,San Ignacio,40,0.0
2010-06-01,San Ignacio,40,8.18035591590286
2010-07-01,San Ignacio,40,13.011475178853086
2010-08-01,San Ignacio,40,22.842818114116483
2010-09-01,San Ignacio,40,24.111181458863594
2010-10-01,San Ignacio,40,26.712275092378466
2010-11-01,San Ignacio,40,21.59668850739196
2010-12-01,San Ignacio,40,20.053754015840898
2011-01-01,San Ignacio,40,13.854284266643525
2011-02-01,San Ignacio,40,7.03980321867626
2011-03-01,San Ignacio,40,8.176275520953507
2011-04-01,San Ignacio,40,4.551525367019104
2011-05-01,San Ignacio,40,6.50516085256105
2011-06-01,San Ignacio,40,13.267083910680167
2011-07-01,San Ignacio,40,14.72019845511276
2011-08-01,San Ignacio,40,23.68896038078995
2011-09-01,San Ignacio,40,25.757902688046862
2011-10-01,San Ignacio,40,27.270665157328576
2011-11-01,San Ignacio,40,25.50537052358824
2011-12-01,San Ignacio,40,17.976981625580542
2012-01-01,San Ignacio,40,19.69287512261109
2012-02-01,San Ignacio,40,10.850690437446108
2012-03-01,San Ignacio,40,6.574273766678318
2012-04-01,San Ignacio,40,5.7018401785495865
2012-05-01,San Ignacio,40,3.8726519541005855
2012-06-01,San Ignacio,40,7.906322536335534
2012-07-01,San Ignacio,40,15.512584872410255
2012-08-01,San Ignacio,40,15.178290965260658
2012-09-01,San Ignacio,40,20.04856424850273
2012-10-01,San Ignacio,40,28.8
2012-11-01,San Ignacio,40,21.910037485764626
2012-12-01,San Ignacio,40,22.638383797089485
2013-01-01,San Ignacio,40,17.30512844090204
2013-02-01,San Ignacio,40,11.380287861246735
2013-03-01,San Ignacio,40,1.1370762755325283
2013-04-01,San Ignacio,40,4.121485621571645
2013-05-01,San Ignacio,40,6.054284006278264
2013-06-01,San Ignacio,40,9.76774781227103
2013-07-01,San Ignacio,40,13.712434058057855
2013-08-01,San Ignacio,40,20.055689706980875
2013-09-01,San Ignacio,40,25.952811012527064
2013-10-01,San Ignacio,40,22.87247491139832
2013-11-01,San Ignacio,40,24.15161185462406
2013-12-01,San Ignacio,40,23.263915342953617
2014-01-01,San Ignacio,40,14.27376306140191
2014-02-01,San Ignacio,40,5.999422191355226
2014-03-01,San Ignacio,40,7.066025022602208
2014-04-01,San Ignacio,40,6.767352548664196
2014-05-01,San Ignacio,40,2.6564784702005113
2014-06-01,San Ignacio,40,11.01104765970834
2014-07-01,San Ignacio,40,16.610892716172575
2014-08-01,San Ignacio,40,16.27550297082318
2014-09-01,San Ignacio,40,23.899437081732163
2014-10-01,San Ignacio,40,24.715992795640158
2014-11-01,San Ignacio,40,23.13154107008756
2014-12-01,San Ignacio,40,18.71108705071751
2015-01-01,San Ignacio,40,16.979845218817996
2015-02-01,San Ignacio,40,7.1809846735481555
2015-03-01,San Ignacio,40,2.7887609847582615
2015-04-01,San Ignacio,40,4.346677771410031
2015-05-01,San Ignacio,40,7.017873216582782
2015-06-01,San Ignacio,40,7.020784835437305
2015-07-01,San Ignacio,40,15.127480635370556
2015-08-01,San Ignacio,40,15.93748512618266
2015-09-01,San Ignacio,40,23.597169263416067
2015-10-01,San Ignacio,40,21.102202429011513
2015-11-01,San Ignacio,40,23.171060783603696
2015-12-01,San Ignacio,40,18.996109088824547
2016-01-01,San Ignacio,40,13.256401879896957
2016-02-01,San Ignacio,40,15.790835639680694
2016-03-01,San Ignacio,40,3.7750270134834762
2016-04-01,San Ignacio,40,0.0
2016-05-01,San Ignacio,40,5.2460804728705055
2016-06-01,San Ignacio,40,8.566169181288789
2016-07-01,San Ignacio,40,15.052905668614034
2016-08-01,San Ignacio,40,17.2048906117041
2016-09-01,San Ignacio,40,28.8
2016-10-01,San Ignacio,40,28.527153943153635
2016-11-01,San Ignacio,40,24.77396835165176
2016-12-01,San Ignacio,40,17.26623763180452
2017-01-01,San Ignacio,40,12.645110413407977
2017-02-01,San Ignacio,40,10.839080059635789
2017-03-01,San Ignacio,40,6.557740970287933
2017-04-01,San Ignacio,40,0.0
2017-05-01,San Ignacio,40,4.0108900389796105
2017-06-01,San Ignacio,40,5.4032680417165135
2017-07-01,San Ignacio,40,13.842787310731651
2017-08-01,San Ignacio,40,27.421317260789873
2017-09-01,San Ignacio,40,25.44545542682686
2017-10-01,San Ignacio,40,23.25705415745781
2017-11-01,San Ignacio,40,28.8
2017-12-01,San Ignacio,40,18.685777920139117
2018-01-01,San Ignacio,40,10.834443645290097
2018-02-01,San Ignacio,40,7.970662381260864
2018-03-01,San Ignacio,40,0.0
2018-04-01,San Ignacio,40,8.100161218337453
2018-05-01,San Ignacio,40,7.9766942185026615
2018-06-01,San Ignacio,40,6.518603919998568
2018-07-01,San Ignacio,40,15.250277602549223
2018-08-01,San Ignacio,40,14.406662875962933
2018-09-01,San Ignacio,40,28.071240651845518
2018-10-01,San Ignacio,40,24.271937848275336
2018-11-01,San Ignacio,40,26.888027056015876
2018-12-01,San Ignacio,40,19.050982470471215
2019-01-01,San Ignacio,40,13.17779206936823
2019-02-01,San Ignacio,40,8.050912827980596
2019-03-01,San Ignacio,40,3.538835857494788
2019-04-01,San Ignacio,40,5.239040142800256
2019-05-01,San Ignacio,40,2.4023314824353323
2019-06-01,San Ignacio,40,9.829843633278896
2019-07-01,San Ignacio,40,15.15724882575121
2019-08-01,San Ignacio,40,20.55641349533616
2019-09-01,San Ignacio,40,21.701065181579107
2019-10-01,San Ignacio,40,23.480770478202075
2019-11-01,San Ignacio,40,27.46485430470498
2019-12-01,San Ignacio,40,15.512282945837917
2020-01-01,San Ignacio,40,19.09080568961017
2020-02-01,San Ignacio,40,14.888226764844307
2020-03-01,San Ignacio,40,3.9651615350276943
2020-04-01,San Ignacio,40,0.0
2020-05-01,San Ignacio,40,8.780759860196895
2020-06-01,San Ignacio,40,6.429807481590162
2020-07-01,San Ignacio,40,14.607657608579874
2020-08-01,San Ignacio,40,23.5935520995739
2020-09-01,San Ignacio,40,19.954375337120688
2020-10-01,San Ignacio,40,28.8
2020-11-01,San Ignacio,40,26.123804965296202
2020-12-01,San Ignacio,40,21.48404675282359
2021-01-01,San Ignacio,40,12.155281042176018
2021-02-01,San Ignacio,40,10.651992627597853
2021-03-01,San Ignacio,40,4.5619481760943845
2021-04-01,San Ignacio,40,0.0246031887367546
2021-05-01,San Ignacio,40,5.026259502319049
2021-06-01,San Ignacio,40,10.106009127475474
2021-07-01,San Ignacio,40,18.656906329742867
2021-08-01,San Ignacio,40,21.298982366903246
2021-09-01,San Ignacio,40,22.60651987621682
2021-10-01,San Ignacio,40,24.831957719290088
2021-11-01,San Ignacio,40,21.86001647911173
2021-12-01,San Ignacio,40,19.516256221459162
2022-01-01,San Ignacio,40,17.591503821759613
2022-02-01,San Ignacio,40,6.062974021022035
2022-03-01,San Ignacio,40,8.530979234308464
2022-04-01,San Ignacio,40,0.0
2022-05-01,San Ignacio,40,2.5845129474001136
2022-06-01,San Ignacio,40,9.811429692871545
2022-07-01,San Ignacio,40,10.36062878223569
2022-08-01,San Ignacio,40,20.39446314018554
2022-09-01,San Ignacio,40,21.507806942970287
2022-10-01,San Ignacio,40,25.65422885382552
2022-11-01,San Ignacio,40,25.77915767130723
2022-12-01,San Ignacio,40,20.842970613938647
2023-01-01,San Ignacio,40,13.695789189764577
2023-02-01,San Ignacio,40,10.870540251973875
2023-03-01,San Ignacio,40,1.5220971134340586
2023-04-01,San Ignacio,40,2.7643597368601527
2023-05-01,San Ignacio,40,3.1247106510153295
2023-06-01,San Ignacio,40,7.810608002905896
2023-07-01,San Ignacio,40,10.208801940446934
2023-08-01,San Ignacio,40,22.771749378823394
2023-09-01,San Ignacio,40,22.849129096721782
2023-10-01,San Ignacio,40,28.8
2023-11-01,San Ignacio,40,26.267338135839108
2023-12-01,San Ignacio,40,23.749167016979843
2024-01-01,San Ignacio,40,16.85856352414702
2024-02-01,San Ignacio,40,9.525525176330367
2024-03-01,San Ignacio,40,0.1360682792139345
2024-04-01,San Ignacio,40,4.6156202890614875
2024-05-01,San Ignacio,40,3.0658326372538705
2024-06-01,San Ignacio,40,10.129436953559617
2024-07-01,San Ignacio,40,15.235659039264704
2024-08-01,San Ignacio,40,18.872075097366064
2024-09-01,San Ignacio,40,28.8
2024-10-01,San Ignacio,40,25.470231727773854
2024-11-01,San Ignacio,40,26.256349225864067
2024-12-01,San Ignacio,40,19.81539726847866
